date,ic
2018-01-02,
2018-01-03,
2018-01-04,
2018-01-05,0.1532258064516129
2018-01-08,0.23447131341868183
2018-01-09,0.1979611190137506
2018-01-10,0.08983268983268983
2018-01-11,0.002240896358543417
2018-01-12,0.2008403361344538
2018-01-15,0.1395109395109395
2018-01-16,-0.1093951093951094
2018-01-17,-0.0948316737790422
2018-01-18,-0.2019914651493599
2018-01-19,-0.018729255571360834
2018-01-22,-0.026254826254826256
2018-01-23,0.022136422136422137
2018-01-24,0.0978120978120978
2018-01-25,0.08082368082368083
2018-01-26,-0.2175032175032175
2018-01-29,-0.10052157420578474
2018-01-30,0.06306306306306306
2018-01-31,-0.24751066856330015
2018-02-01,-0.0687529634898056
2018-02-02,0.1676149834044571
2018-02-05,-0.08819345661450925
2018-02-06,-0.10265528686581318
2018-02-07,0.02110004741583689
2018-02-08,-0.033204633204633204
2018-02-09,-0.011142721669037459
2018-02-12,0.1600284495021337
2018-02-13,0.311484593837535
2018-02-14,0.010084033613445379
2018-02-22,0.054826254826254826
2018-02-23,0.011325611325611325
2018-02-26,0.04993564993564994
2018-02-27,0.03577863577863578
2018-02-28,0.02471042471042471
2018-03-01,0.09626769626769627
2018-03-02,0.18043758043758043
2018-03-05,0.23162636320531058
2018-03-06,0.05002370791844476
2018-03-07,0.10953058321479374
2018-03-08,0.018729255571360834
2018-03-09,-0.201417004048583
2018-03-12,0.4054655870445344
2018-03-13,0.17692307692307693
2018-03-14,0.02813765182186235
2018-03-15,-0.007489878542510121
2018-03-16,0.2574679943100996
2018-03-19,0.22683006893533209
2018-03-20,-0.003829740671845935
2018-03-21,0.06729401466243572
2018-03-22,0.20516467884888936
2018-03-23,-0.12246963562753037
2018-03-26,0.18238866396761133
2018-03-27,0.16032388663967612
2018-03-28,-0.1145748987854251
2018-03-29,-0.05985337564284933
2018-03-30,0.032060400481453116
2018-04-02,-0.06882591093117409
2018-04-03,0.004453441295546558
2018-04-04,0.4120075046904315
2018-04-09,0.18574108818011256
2018-04-10,0.125515947467167
2018-04-11,0.003939962476547843
2018-04-12,-0.05850202429149798
2018-04-13,-0.020825515947467167
2018-04-16,-0.12996515679442508
2018-04-17,0.21012145748987854
2018-04-18,0.14896810506566605
2018-04-19,0.005060728744939271
2018-04-20,-0.046153846153846156
2018-04-23,-0.030206378986866792
2018-04-24,-0.11088180112570356
2018-04-25,0.05875916402232192
2018-04-26,0.005816135084427768
2018-04-27,0.11543932596564176
2018-05-02,0.0645748987854251
2018-05-03,0.1296435272045028
2018-05-04,0.04765478424015009
2018-05-07,-0.16848030018761725
2018-05-08,0.074859287054409
2018-05-09,-0.15850202429149798
2018-05-10,-0.12833020637898687
2018-05-11,0.16538461538461538
2018-05-14,-0.1
2018-05-15,-0.18021665390086442
2018-05-16,0.03441295546558704
2018-05-17,0.37165991902834006
2018-05-18,0.11619433198380567
2018-05-21,0.13564727954971859
2018-05-22,0.3590994371482176
2018-05-23,0.19324577861163228
2018-05-24,0.25966228893058163
2018-05-25,0.1878048780487805
2018-05-28,-0.02651821862348178
2018-05-29,-0.15951417004048582
2018-05-30,-0.1452157598499062
2018-05-31,0.0697936210131332
2018-06-01,0.099812382739212
2018-06-04,-0.044939271255060725
2018-06-05,-0.16497975708502025
2018-06-06,-0.209541525330999
2018-06-07,-0.11106247948353211
2018-06-08,0.19534412955465588
2018-06-11,0.10559142138089507
2018-06-12,0.07057664952401795
2018-06-13,0.0893970893970894
2018-06-14,0.09421162052741
2018-06-15,-0.02834008097165992
2018-06-19,0.13906882591093117
2018-06-20,-0.04979757085020243
2018-06-21,-0.018386491557223265
2018-06-22,-0.20121457489878541
2018-06-25,-0.11518218623481781
2018-06-26,-0.06558704453441296
2018-06-27,-0.2635627530364372
2018-06-28,-0.23724696356275304
2018-06-29,0.14878048780487804
2018-07-02,-0.001876172607879925
2018-07-03,0.14709193245778612
2018-07-04,0.14652908067542214
2018-07-05,0.06622889305816135
2018-07-06,-0.055159474671669796
2018-07-09,0.13797909407665504
2018-07-10,0.110801393728223
2018-07-11,0.1298922291548497
2018-07-12,0.32922777732760716
2018-07-13,0.132647273316587
2018-07-16,-0.16399879190576866
2018-07-17,-0.265051454501256
2018-07-18,-0.370391378332388
2018-07-19,-0.293088080382465
2018-07-20,-0.3818815331010453
2018-07-23,-0.26698882512836003
2018-07-24,-0.21918807227939388
2018-07-25,-0.20508872862815006
2018-07-26,-0.15695648650838667
2018-07-27,-0.09456283931610081
2018-07-30,-0.003926306251887647
2018-07-31,-0.06360910785187586
2018-08-01,-0.02276962968965238
2018-08-02,-0.10266591038003403
2018-08-03,-0.200187617260788
2018-08-06,-0.14204683575074953
2018-08-07,-0.2670894996476392
2018-08-08,0.13686087026983226
2018-08-09,-0.0173663545756569
2018-08-10,0.12096043491392329
2018-08-13,-0.02612503775294473
2018-08-14,-0.09217758985200845
2018-08-15,-0.03087270075358561
2018-08-16,-0.10461064743537801
2018-08-17,-0.28725386921643303
2018-08-20,-0.2197221383267895
2018-08-21,-0.07299651567944251
2018-08-22,-0.13554006968641116
2018-08-23,0.08815331010452962
2018-08-24,0.14494773519163764
2018-08-27,0.19087888855330715
2018-08-28,0.09272123225611598
2018-08-29,0.0732407127755965
2018-08-30,0.25565189206709343
2018-08-31,0.04379341588643914
2018-09-03,-0.039182522903453136
2018-09-04,0.09483539716097855
2018-09-05,0.04513410582610809
2018-09-06,0.08031358885017421
2018-09-07,0.13349441256418002
2018-09-10,0.24111498257839722
2018-09-11,0.19455473624503686
2018-09-12,-0.33170731707317075
2018-09-13,-0.19684867053288105
2018-09-14,-0.3032388663967611
2018-09-17,-0.09128919860627177
2018-09-18,0.004858299595141701
2018-09-19,0.041700404858299595
2018-09-20,-0.005668016194331984
2018-09-21,-0.045748987854251015
2018-09-25,0.014180374361883154
2018-09-26,0.042217000243092134
2018-09-27,0.10570824524312897
2018-09-28,0.1939064905599222
2018-10-08,0.0572334642102084
2018-10-09,0.15372999093929327
2018-10-10,0.12665505226480836
2018-10-11,0.06840833585019632
2018-10-12,0.05134400483237692
2018-10-15,-0.1964663243733011
2018-10-16,-0.11431591664149804
2018-10-17,-0.19057686499546964
2018-10-18,0.007317073170731708
2018-10-19,-0.08775625962239689
2018-10-22,0.048323769254001815
2018-10-23,0.10671744591200065
2018-10-24,0.07770034843205575
2018-10-25,0.13248521189530832
2018-10-26,0.08305647840531562
2018-10-29,0.2169192123814926
2018-10-30,0.0762498987116117
2018-10-31,0.051130378413418685
2018-11-01,0.26051373470545336
2018-11-02,0.2323150474029657
2018-11-05,0.13783323879750425
2018-11-06,0.12859573778462038
2018-11-07,-0.23222996515679442
2018-11-08,-0.22996515679442509
2018-11-09,-0.4089619965967102
2018-11-12,-0.035638779824826335
2018-11-13,-0.1901338971106413
2018-11-14,-0.3773784355179704
2018-11-15,-0.10132890365448505
2018-11-16,0.14587737843551796
2018-11-19,0.0008456659619450317
2018-11-20,0.13756166314305848
2018-11-21,0.15795832074901842
2018-11-22,0.16324373301117487
2018-11-23,0.04077318030806403
2018-11-26,0.12713178294573643
2018-11-27,0.044115574348132486
2018-11-28,0.22142353770260748
2018-11-29,0.07061310782241015
2018-11-30,0.035236081747709654
2018-12-03,-0.04904862579281184
2018-12-04,0.08079130172153429
2018-12-05,-0.1331923890063425
2018-12-06,-0.01916842847075405
2018-12-07,-0.05119299305345817
2018-12-10,-0.1811036382789077
2018-12-11,0.06478405315614617
2018-12-12,0.015403201449713078
2018-12-13,0.01158739162142452
2018-12-14,0.010872848082150407
2018-12-17,0.12020537601932951
2018-12-18,0.043642404107520384
2018-12-19,0.03352461491996376
2018-12-20,0.28838829916538367
2018-12-21,0.26197228749696133
2018-12-24,0.06296086216676121
2018-12-25,-0.024714366744996354
2018-12-26,-0.04059233449477352
2018-12-27,-0.21918807227939388
2018-12-28,-0.028279718013126974
2019-01-02,-0.2127177700348432
2019-01-03,-0.03205574912891986
2019-01-04,-0.009513742071881607
2019-01-07,-0.032467532467532464
2019-01-08,-0.19471679766631553
2019-01-09,-0.3699788583509514
2019-01-10,-0.27120978850984523
2019-01-11,-0.21383267894895802
2019-01-14,-0.0579369581071226
2019-01-15,0.00662020905923345
2019-01-16,0.09699376063528077
2019-01-17,0.10136941900980471
2019-01-18,0.12259946519730978
2019-01-21,0.021602787456445994
2019-01-22,0.009233449477351916
2019-01-23,0.002961672473867596
2019-01-24,-0.09668989547038327
2019-01-25,-0.1605218377765173
2019-01-28,-0.34624422656186693
2019-01-29,-0.2992464143910542
2019-01-30,-0.23685276719876833
2019-01-31,-0.2007130702536261
2019-02-01,-0.06886137118695258
2019-02-11,-0.2156448202959831
2019-02-12,0.03186348535185744
2019-02-13,0.04847478103292057
2019-02-14,0.1481425551192993
2019-02-15,0.1763817577771066
2019-02-18,0.07686499546964663
2019-02-19,-0.02265176683781335
2019-02-20,-0.028088190878888555
2019-02-21,0.05874358199939595
2019-02-22,0.01437632135306554
2019-02-25,0.07526427061310782
2019-02-26,0.031148696264975333
2019-02-27,0.1295278365045807
2019-02-28,0.05255209906372697
2019-03-01,0.2032417195207893
2019-03-04,0.15701198026779423
2019-03-05,0.07723749119097956
2019-03-06,0.11923890063424947
2019-03-07,0.1295278365045807
2019-03-08,-0.12670894996476392
2019-03-11,-0.21634954193093728
2019-03-12,-0.17744890768146582
2019-03-13,-0.3682875264270613
2019-03-14,-0.18590556730091615
2019-03-15,-0.13032316520688614
2019-03-18,-0.08202959830866807
2019-03-19,-0.0675123326286117
2019-03-20,0.08217054263565891
2019-03-21,0.05243128964059197
2019-03-22,-0.059619450317124734
2019-03-25,-0.08301620859760395
2019-03-26,0.07568710359408033
2019-03-27,-0.030021141649048625
2019-03-28,-0.020859760394644114
2019-03-29,0.008033826638477801
2019-04-01,-0.013107822410147992
2019-04-02,0.043551797040169135
2019-04-03,0.22988019732205778
2019-04-04,0.1164200140944327
2019-04-08,0.14573643410852713
2019-04-09,0.3393939393939394
2019-04-10,0.19393939393939394
2019-04-11,0.08305647840531562
2019-04-12,0.21338971106412966
2019-04-15,0.17463002114164905
2019-04-16,0.15968992248062017
2019-04-17,0.11909795630725863
2019-04-18,0.06737138830162086
2019-04-19,0.09584214235377025
2019-04-22,-0.15236081747709654
2019-04-23,-0.05003523608174771
2019-04-24,-0.12360817477096547
2019-04-25,-0.0694654183026276
2019-04-26,-0.14883720930232558
2019-04-29,0.008456659619450317
2019-04-30,-0.10374509211718513
2019-05-06,-0.3289640591966173
2019-05-07,-0.14178999295278366
2019-05-08,0.028994261552401087
2019-05-09,-0.11416490486257928
2019-05-10,-0.1212624584717608
2019-05-13,-0.21760797342192692
2019-05-14,-0.23210510419812747
2019-05-15,-0.2357293868921776
2019-05-16,-0.34770965468639886
2019-05-17,-0.2395046813651465
2019-05-20,-0.10923185341789993
2019-05-21,-0.38372093023255816
2019-05-22,-0.22259136212624583
2019-05-23,-0.0824524312896406
2019-05-24,0.006342494714587738
2019-05-27,-0.01917849592268197
2019-05-28,0.10039705048213272
2019-05-29,0.1465156794425087
2019-05-30,0.17202819868730249
2019-05-31,0.014666558625719148
2019-06-03,0.03946195608135483
2019-06-04,0.052913054047484
2019-06-05,0.009059233449477353
2019-06-06,0.15630824082327202
2019-06-10,0.19912891986062717
2019-06-11,0.11044485860140993
2019-06-12,0.0708245243128964
2019-06-13,0.17502265176683782
2019-06-14,0.06840833585019632
2019-06-17,0.08759419820111822
2019-06-18,0.16791744840525327
2019-06-19,-0.015314804310833806
2019-06-20,0.16203563877982483
2019-06-21,0.01917849592268197
2019-06-24,0.10736937481123528
2019-06-25,0.08396254907882815
2019-06-26,0.026427061310782242
2019-06-27,-0.23346421020839625
2019-06-28,-0.286771368166717
2019-07-01,-0.31952078928823113
2019-07-02,-0.2257626094835397
2019-07-03,-0.15856236786469344
2019-07-04,-0.19471679766631553
2019-07-05,-0.2658617616076493
2019-07-08,-0.17079432195711267
2019-07-09,-0.15327695560253699
2019-07-10,-0.22561159770462097
2019-07-11,-0.18904464792156228
2019-07-12,-0.2720200956162386
2019-07-15,-0.2037148897614014
2019-07-16,-0.07263666565992147
2019-07-17,-0.06231261648164654
2019-07-18,0.0810933252793718
2019-07-19,0.27334494773519163
2019-07-22,0.34143763213530653
2019-07-23,0.33554817275747506
2019-07-24,0.40924192086982786
2019-07-25,0.338951462604327
2019-07-26,0.3245279961105259
2019-07-29,0.27898873673122115
2019-07-30,0.24900737379466817
2019-07-31,0.16958622772576262
2019-08-01,-0.011778918755662941
2019-08-02,0.03669586227725763
2019-08-05,-0.24317316262863625
2019-08-06,0.009443269908386188
2019-08-07,-0.030224455068470952
2019-08-08,-0.09362101313320825
2019-08-09,-0.26697936210131334
2019-08-12,-0.24576614536909488
2019-08-13,-0.1465156794425087
2019-08-14,-0.2322561159770462
2019-08-15,-0.2208597603946441
2019-08-16,0.05844155844155844
2019-08-19,0.04771972213832679
2019-08-20,0.20869827846572034
2019-08-21,0.3271317829457364
2019-08-22,0.07836504580690627
2019-08-23,0.04243430987617034
2019-08-26,-0.06793516560958421
2019-08-27,-0.010570824524312896
2019-08-28,-0.024947145877378434
2019-08-29,0.046511627906976744
2019-08-30,0.07836504580690627
2019-09-02,0.20126849894291754
2019-09-03,0.21202053760193296
2019-09-04,0.13276955602536997
2019-09-05,0.06018322762508809
2019-09-06,0.04763918252290345
2019-09-09,0.08064028994261552
2019-09-10,-0.21183932346723044
2019-09-11,0.06624383368569416
2019-09-12,-0.0007047216349541931
2019-09-16,-0.13051444679351656
2019-09-17,-0.24256518675123326
2019-09-18,-0.03171247357293869
2019-09-19,-0.09585933068633012
2019-09-20,-0.017970401691331923
2019-09-23,-0.02718212020537602
2019-09-24,0.03476217486427356
2019-09-25,-0.07037148897614014
2019-09-26,0.20024161884627
2019-09-27,-0.10669485553206483
2019-09-30,-0.14820516975933878
2019-10-08,-0.022802778616732106
2019-10-09,0.006794425087108014
2019-10-10,0.05731707317073171
2019-10-11,-0.09148367231180618
2019-10-14,-0.053760193295077016
2019-10-15,0.0049833887043189366
2019-10-16,-0.01978254303835699
2019-10-17,-0.14285714285714285
2019-10-18,0.0005637773079633545
2019-10-21,0.18421423537702608
2019-10-22,0.09910055911190341
2019-10-23,-0.012883882991653836
2019-10-24,0.039137833238797506
2019-10-25,0.004942873348999271
2019-10-28,-0.09936575052854123
2019-10-29,-0.09543944427665357
2019-10-30,0.04143763213530655
2019-10-31,0.035236081747709654
2019-11-01,0.15052854122621565
2019-11-04,-0.16363636363636364
2019-11-05,0.03749119097956307
2019-11-06,-0.1668780831571529
2019-11-07,0.09189570119802679
2019-11-08,-0.03749119097956307
2019-11-11,0.1478505990133897
2019-11-12,0.15206886137118694
2019-11-13,0.15826034430685593
2019-11-14,-0.026983226642897658
2019-11-15,-0.02884324977348233
2019-11-18,-0.08728480821504077
2019-11-19,-0.29415081042988017
2019-11-20,-0.43453136011275545
2019-11-21,-0.16898218061008757
2019-11-22,-0.2630021141649049
2019-11-25,-0.09211718514044095
2019-11-26,-0.0822461712989223
2019-11-27,0.020859760394644114
2019-11-28,-0.0693446088794926
2019-11-29,0.31757777106614316
2019-12-02,0.05186751233262861
2019-12-03,0.03035336756266989
2019-12-04,0.04129668780831572
2019-12-05,0.007470049330514447
2019-12-06,-0.22128259337561662
2019-12-09,0.031148696264975333
2019-12-10,0.02128259337561663
2019-12-11,-0.023255813953488372
2019-12-12,0.0879492600422833
2019-12-13,0.06610288935870332
2019-12-16,-0.226215644820296
2019-12-17,-0.18590556730091615
2019-12-18,-0.058632840028188866
2019-12-19,-0.20056377730796335
2019-12-20,-0.3124735729386892
2019-12-23,-0.18661028893587034
2019-12-24,-0.1288231148696265
2019-12-25,0.04696466324373301
2019-12-26,0.038810027182120205
2019-12-27,0.1875968992248062
2019-12-30,0.041014799154334036
2019-12-31,-0.0028188865398167725
2020-01-02,0.05186751233262861
2020-01-03,0.048625792811839326
2020-01-06,0.04397463002114165
2020-01-07,0.11712473572938689
2020-01-08,0.32210812443370584
2020-01-09,0.14693446088794926
2020-01-10,0.1907278767743884
2020-01-13,0.17396556931440652
2020-01-14,0.15901540320144972
2020-01-15,0.061461794019933555
2020-01-16,0.1958622772576261
2020-01-17,0.026729084868619753
2020-01-20,0.03729990939293265
2020-01-21,0.10359408033826638
2020-01-22,0.2549682875264271
2020-01-23,0.08738548273431994
2020-02-03,0.32439024390243903
2020-02-04,0.08851303735024665
2020-02-05,0.07329105003523609
2020-02-06,-0.03875968992248062
2020-02-07,-0.07061310782241015
2020-02-10,-0.09429175475687103
2020-02-11,0.11346018322762509
2020-02-12,0.0638477801268499
2020-02-13,0.0346723044397463
2020-02-14,-0.004651162790697674
2020-02-17,-0.029316420014094433
2020-02-18,-0.012403100775193798
2020-02-19,0.04467935165609584
2020-02-20,0.059760394644115575
2020-02-21,0.08160676532769556
2020-02-24,0.08414376321353066
2020-02-25,-0.17237491190979562
2020-02-26,-0.05426356589147287
2020-02-27,-0.005355884425651868
2020-02-28,-0.018886539816772376
2020-03-02,0.0023960535588442564
2020-03-03,0.2961240310077519
2020-03-04,0.14094432699083861
2020-03-05,0.11923890063424947
2020-03-06,-0.06286116983791402
2020-03-09,-0.10641296687808316
2020-03-10,-0.11190979563072587
2020-03-11,-0.03988724453840733
2020-03-12,-0.00507399577167019
2020-03-13,0.10923185341789993
2020-03-16,-0.11148696264975334
2020-03-17,-0.0427061310782241
2020-03-18,-0.060324171952078925
2020-03-19,-0.04594785059901339
2020-03-20,0.00042283298097251583
2020-03-23,0.07131782945736434
2020-03-24,0.008033826638477801
2020-03-25,-0.06004228329809725
2020-03-26,-0.15884425651867512
2020-03-27,-0.22903453136011276
2020-03-30,-0.09471458773784355
2020-03-31,-0.017899929527836506
2020-04-01,-0.14587737843551796
2020-04-02,-0.09105003523608175
2020-04-03,-0.1572938689217759
2020-04-07,-0.1492600422832981
2020-04-08,-0.12177589852008457
2020-04-09,-0.1489781536293164
2020-04-10,0.14770965468639888
2020-04-13,0.0691633947447901
2020-04-14,-0.0057787174066243835
2020-04-15,-0.031007751937984496
2020-04-16,-0.07878787878787878
2020-04-17,-0.2204369274136716
2020-04-20,-0.19238900634249473
2020-04-21,-0.21945031712473573
2020-04-22,-0.2328400281888654
2020-04-23,-0.15828047921071176
2020-04-24,-0.09837914023960535
2020-04-27,-0.08019732205778718
2020-04-28,0.19087888855330715
2020-04-29,0.11430584918957012
2020-04-30,0.2525722339675828
2020-05-06,0.04186046511627907
2020-05-07,0.06569012382965872
2020-05-08,-0.0222692036645525
2020-05-11,0.09767441860465116
2020-05-12,0.11189972817879795
2020-05-13,0.0675123326286117
2020-05-14,0.10253699788583509
2020-05-15,-0.01706433101781939
2020-05-18,-0.09823819591261451
2020-05-19,-0.17683479311386288
2020-05-20,-0.2234974327997584
2020-05-21,-0.22565186751233263
2020-05-22,-0.19647639182522902
2020-05-25,-0.2040169133192389
2020-05-26,-0.24228329809725158
2020-05-27,-0.1540521494009866
2020-05-28,-0.10852713178294573
2020-05-29,-0.030162085976039463
2020-06-01,-0.09809725158562368
2020-06-02,0.03805496828752643
2020-06-03,-0.11007751937984496
2020-06-04,-0.0773784355179704
2020-06-05,-0.0835799859055673
2020-06-08,-0.10345313601127555
2020-06-09,-0.08583509513742071
2020-06-10,-0.09457364341085271
2020-06-11,-0.2211416490486258
2020-06-12,-0.24947145877378435
2020-06-15,-0.1836303231652069
2020-06-16,-0.14995469646632437
2020-06-17,0.07052250075505889
2020-06-18,0.10253699788583509
2020-06-19,0.12248062015503876
2020-06-22,0.06116983791402396
2020-06-23,-0.010570824524312896
2020-06-24,-0.13122923588039867
2020-06-29,-0.24045102184637068
2020-06-30,-0.2346723044397463
2020-07-01,0.01536293164200141
2020-07-02,0.1269908386187456
2020-07-03,0.20352360817477097
2020-07-06,0.14334038054968287
2020-07-07,0.07540521494009866
2020-07-08,0.18928823114869628
2020-07-09,0.09175475687103594
2020-07-10,0.11768851303735024
2020-07-13,0.14940098661028894
2020-07-14,0.24256518675123326
2020-07-15,0.05933756166314306
2020-07-16,0.03382663847780127
2020-07-17,-0.1244538407329105
2020-07-20,-0.05905567300916138
2020-07-21,0.08501963153125944
2020-07-22,-0.03988724453840733
2020-07-23,-0.055391120507399576
2020-07-24,-0.003946441155743482
2020-07-27,0.05736434108527132
2020-07-28,-0.04918957011980268
2020-07-29,-0.09048625792811839
2020-07-30,0.051726568005637776
2020-07-31,0.03932346723044398
2020-08-03,0.17181113460183228
2020-08-04,0.12614517265680056
2020-08-05,-0.10697674418604651
2020-08-06,-0.09147286821705426
2020-08-07,-0.09767441860465116
2020-08-10,-0.22424242424242424
2020-08-11,-0.14503171247357294
2020-08-12,0.18026779422128258
2020-08-13,0.031007751937984496
2020-08-14,-0.04298801973220578
2020-08-17,0.27596899224806204
2020-08-18,0.010429880197322057
2020-08-19,0.05964965267290849
2020-08-20,0.226215644820296
2020-08-21,0.2792207792207792
2020-08-24,0.2789187556629417
2020-08-25,0.2091513138024766
2020-08-26,0.05299506694855532
2020-08-27,0.20634249471458774
2020-08-28,0.07709654686398873
2020-08-31,-0.030021141649048625
2020-09-01,0.021846370683579985
2020-09-02,-0.008315715292459478
2020-09-03,-0.051585623678646934
2020-09-04,-0.07230443974630021
2020-09-07,0.3051444679351656
2020-09-08,0.26455250176180406
2020-09-09,0.28668076109936574
2020-09-10,0.21902748414376322
2020-09-11,0.02029598308668076
2020-09-14,-0.32684989429175476
2020-09-15,-0.38125440451021847
2020-09-16,-0.3837914023960536
2020-09-17,-0.30274841437632133
2020-09-18,-0.09668780831571529
2020-09-21,-0.257646229739253
2020-09-22,-0.297815362931642
2020-09-23,-0.32558139534883723
2020-09-24,-0.2713178294573643
2020-09-25,-0.2200140944326991
2020-09-28,-0.11966173361522199
2020-09-29,0.08766737138830162
2020-09-30,0.006624383368569415
2020-10-09,0.1602536997885835
2020-10-12,0.12107117688513037
2020-10-13,0.16927413671599717
2020-10-14,-0.009302325581395349
2020-10-15,-0.028188865398167725
2020-10-16,-0.08625792811839324
2020-10-19,-0.2157857646229739
2020-10-20,-0.23058491895701197
2020-10-21,-0.21085271317829457
2020-10-22,-0.11416490486257928
2020-10-23,-0.02536997885835095
2020-10-26,-0.08470754052149401
2020-10-27,-0.09443269908386187
2020-10-28,-0.06272022551092318
2020-10-29,-0.03875968992248062
2020-10-30,-0.1551797040169133
2020-11-02,-0.10077519379844961
2020-11-03,0.00507399577167019
2020-11-04,-0.05270311084264573
2020-11-05,0.006201550387596899
2020-11-06,0.1664552501761804
2020-11-09,0.13372859025032938
2020-11-10,-0.14216073781291172
2020-11-11,-0.009584214235377026
2020-11-12,-0.04876673713883016
2020-11-13,-0.03241719520789288
2020-11-16,0.021212121212121213
2020-11-17,0.11001317523056653
2020-11-18,0.04308300395256917
2020-11-19,0.12147562582345191
2020-11-20,-0.077733860342556
2020-11-23,-0.05309617918313571
2020-11-24,0.08669301712779974
2020-11-25,0.13583662714097497
2020-11-26,0.03820816864295125
2020-11-27,-0.019235836627140974
2020-11-30,-0.013438735177865613
2020-12-01,-0.02766798418972332
2020-12-02,-0.05230566534914361
2020-12-03,0.017786561264822136
2020-12-04,0.03368569415081043
2020-12-07,0.030171277997364954
2020-12-08,-0.039041578576462295
2020-12-09,-0.06100131752305665
2020-12-10,-0.16495388669301714
2020-12-11,-0.1378129117259552
2020-12-14,-0.08372093023255814
2020-12-15,-0.19578392621870883
2020-12-16,-0.3544137022397892
2020-12-17,-0.2549407114624506
2020-12-18,-0.22503293807641633
2020-12-21,-0.2944326990838619
2020-12-22,-0.20676532769556025
2020-12-23,-0.024101479915433405
2020-12-24,-0.18498023715415018
2020-12-25,0.02959830866807611
2020-12-28,0.09682875264270613
2020-12-29,-0.013570487483530961
2020-12-30,0.08102766798418973
2020-12-31,0.09736495388669301
2021-01-04,0.197364953886693
2021-01-05,0.16100131752305666
2021-01-06,0.175098814229249
2021-01-07,0.09262187088274045
2021-01-08,0.06521739130434782
2021-01-11,-0.15757575757575756
2021-01-12,-0.21752305665349145
2021-01-13,-0.2259552042160738
2021-01-14,-0.041501976284584984
2021-01-15,0.051910408432147566
2021-01-18,0.017523056653491437
2021-01-19,0.006982872200263505
2021-01-20,-0.08155467720685113
2021-01-21,-0.15401844532279316
2021-01-22,-0.28208168642951253
2021-01-25,-0.2766798418972332
2021-01-26,-0.24189723320158102
2021-01-27,-0.2214756258234519
2021-01-28,-0.12586328400281888
2021-01-29,-0.08992248062015504
2021-02-01,0.06930171277997364
2021-02-02,0.1634954193093728
2021-02-03,0.20014094432699084
2021-02-04,0.04820295983086681
2021-02-05,0.10894996476391826
2021-02-08,-0.04018445322793149
2021-02-09,-0.11949934123847167
2021-02-10,-0.3409749670619236
2021-02-18,-0.3110671936758893
2021-02-19,-0.18814229249011857
2021-02-22,-0.25994729907773384
2021-02-23,-0.11346018322762509
2021-02-24,-0.10118577075098814
2021-02-25,0.18102766798418973
2021-02-26,-0.08909694956206585
2021-03-01,0.02776603241719521
2021-03-02,-0.19252995066948556
2021-03-03,-0.22100070472163497
2021-03-04,-0.23269908386187457
2021-03-05,-0.09189570119802679
2021-03-08,-0.3598155467720685
2021-03-09,-0.1616600790513834
2021-03-10,-0.16124031007751938
2021-03-11,-0.1893280632411067
2021-03-12,-0.14503171247357294
2021-03-15,-0.2096179183135705
2021-03-16,-0.03293807641633729
2021-03-17,0.026350461133069828
2021-03-18,-0.027140974967061922
2021-03-19,0.061923583662714096
2021-03-22,-0.03768115942028986
2021-03-23,-0.06824769433465086
2021-03-24,0.0038054968287526427
2021-03-25,0.08343904157857646
2021-03-26,0.128400281888654
2021-03-29,0.13643410852713178
2021-03-30,0.18914728682170542
2021-03-31,0.14663243733011175
2021-04-01,-0.14517265680056377
2021-04-02,-0.09640591966173362
2021-04-06,-0.02536997885835095
2021-04-07,-0.05496828752642706
2021-04-08,-0.050461133069828724
2021-04-09,0.06719367588932806
2021-04-12,-0.0886539816772375
2021-04-13,-0.14492753623188406
2021-04-14,-0.0034255599472990776
2021-04-15,0.10408432147562582
2021-04-16,0.08642951251646903
2021-04-19,0.0470754052149401
2021-04-20,0.10289855072463767
2021-04-21,0.21338971106412966
2021-04-22,0.17857646229739252
2021-04-23,0.1416490486257928
2021-04-26,0.09657444005270092
2021-04-27,0.1522198731501057
2021-04-28,0.05088090204369274
2021-04-29,0.06931440652370885
2021-04-30,0.13262861169837914
2021-05-06,-0.010711768851303736
2021-05-07,-0.04679351656095842
2021-05-10,-0.09459815546772068
2021-05-11,-0.21987315010570824
2021-05-12,-0.06779422128259338
2021-05-13,0.02911725955204216
2021-05-14,-0.14874835309617918
2021-05-17,0.043741765480895915
2021-05-18,0.0886539816772375
2021-05-19,0.07272727272727272
2021-05-20,0.22687747035573122
2021-05-21,-0.012544045102184638
2021-05-24,-0.151092318534179
2021-05-25,-0.05595489781536293
2021-05-26,-0.09119097956307258
2021-05-27,-0.04622973925299507
2021-05-28,-0.026920366455250175
2021-05-31,-0.017618040873854827
2021-06-01,-0.16814658210007047
2021-06-02,-0.08682170542635659
2021-06-03,-0.1158102766798419
2021-06-04,-0.18957011980267793
2021-06-07,-0.009302325581395349
2021-06-08,0.17448907681465822
2021-06-09,0.10500352360817478
2021-06-10,0.06892177589852008
2021-06-11,-0.018604651162790697
2021-06-15,-0.05200845665961945
2021-06-16,-0.03932346723044398
2021-06-17,-0.0284707540521494
2021-06-18,0.03932346723044398
2021-06-21,0.15403201449713078
2021-06-22,0.2670894996476392
2021-06-23,0.3877470355731225
2021-06-24,0.1821000704721635
2021-06-25,0.1127554615926709
2021-06-28,0.035940803382663845
2021-06-29,-0.01541501976284585
2021-06-30,-0.14376321353065538
2021-07-01,0.13267457180500658
2021-07-02,-0.029880197322057787
2021-07-05,-0.07484143763213531
2021-07-06,0.06982872200263504
2021-07-07,-0.01686429512516469
2021-07-08,0.01113460183227625
2021-07-09,-0.05313601127554616
2021-07-12,-0.06145172656800564
2021-07-13,-0.048625792811839326
2021-07-14,-0.046652572233967585
2021-07-15,0.028329809725158563
2021-07-16,0.029316420014094433
2021-07-19,0.07582804792107117
2021-07-20,0.15038759689922482
2021-07-21,0.16011275546159268
2021-07-22,0.13840732910500353
2021-07-23,0.01620859760394644
2021-07-26,0.09062720225510923
2021-07-27,0.009302325581395349
2021-07-28,-0.1313570487483531
2021-07-29,0.02635658914728682
2021-07-30,0.08949964763918253
2021-08-02,0.06205533596837945
2021-08-03,0.036758893280632414
2021-08-04,0.04295125164690382
2021-08-05,0.0799154334038055
2021-08-06,-0.05507246376811594
2021-08-09,0.10158102766798419
2021-08-10,0.08329809725158563
2021-08-11,0.250197628458498
2021-08-12,0.1702239789196311
2021-08-13,0.07417654808959157
2021-08-16,0.022692036645525018
2021-08-17,0.07193675889328063
2021-08-18,-0.08814229249011858
2021-08-19,-0.08076416337285902
2021-08-20,-0.07391304347826087
2021-08-23,-0.06086956521739131
2021-08-24,-0.05230566534914361
2021-08-25,-0.1683794466403162
2021-08-26,-0.10158102766798419
2021-08-27,-0.07997364953886693
2021-08-30,-0.09183135704874835
2021-08-31,-0.13093727977448907
2021-09-01,0.2032417195207893
2021-09-02,0.19901338971106414
2021-09-03,0.0755461592670895
2021-09-06,0.14023960535588442
2021-09-07,0.06694855532064835
2021-09-08,0.09711064129668781
2021-09-09,0.021846370683579985
2021-09-10,0.18294573643410852
2021-09-13,0.020948616600790514
2021-09-14,0.09762845849802372
2021-09-15,0.014624505928853756
2021-09-16,-0.004874835309617918
2021-09-17,-0.09670619235836628
2021-09-22,-0.18717406624383368
2021-09-23,-0.18801973220577872
2021-09-24,-0.2525722339675828
2021-09-27,-0.054281949934123844
2021-09-28,-0.15095137420718815
2021-09-29,-0.04901185770750988
2021-09-30,0.01831357048748353
2021-10-08,0.045059288537549404
2021-10-11,0.0
2021-10-12,0.26903820816864293
2021-10-13,0.1470049330514447
2021-10-14,0.051251646903820815
2021-10-15,0.07193675889328063
2021-10-18,0.258498023715415
2021-10-19,0.17681159420289855
2021-10-20,0.12239789196310935
2021-10-21,0.050458069062720226
2021-10-22,0.02147562582345191
2021-10-25,0.016205533596837945
2021-10-26,0.042028985507246375
2021-10-27,0.08774703557312254
2021-10-28,0.10961791831357048
2021-10-29,0.08484848484848485
2021-11-01,-0.03636363636363636
2021-11-02,-0.0616600790513834
2021-11-03,-0.16442687747035573
2021-11-04,-0.24848484848484848
2021-11-05,-0.24914361001317523
2021-11-08,-0.029034531360112754
2021-11-09,-0.028329809725158563
2021-11-10,-0.008036890645586298
2021-11-11,0.07272727272727272
2021-11-12,0.04479578392621871
2021-11-15,0.037022397891963106
2021-11-16,0.04084321475625823
2021-11-17,0.11436100131752305
2021-11-18,0.10895915678524375
2021-11-19,0.05204216073781291
2021-11-22,-0.01225296442687747
2021-11-23,0.02450592885375494
2021-11-24,0.12036645525017618
2021-11-25,0.0911725955204216
2021-11-26,-0.09443269908386187
2021-11-29,-0.2219873150105708
2021-11-30,-0.22903453136011276
2021-12-01,-0.11304347826086956
2021-12-02,-0.1463768115942029
2021-12-03,-0.10513833992094862
2021-12-06,0.050461133069828724
2021-12-07,0.08129117259552042
2021-12-08,0.16521739130434782
2021-12-09,0.09855072463768116
2021-12-10,0.07338603425559947
2021-12-13,0.021080368906455864
2021-12-14,-0.08300395256916997
2021-12-15,-0.20592885375494072
2021-12-16,-0.0699604743083004
2021-12-17,-0.1308300395256917
2021-12-20,-0.1378129117259552
2021-12-21,0.0230566534914361
2021-12-22,0.05032938076416337
2021-12-23,0.14268774703557313
2021-12-24,0.055204216073781294
2021-12-27,-0.031752305665349145
2021-12-28,-0.19156785243741767
2021-12-29,-0.2673254281949934
2021-12-30,-0.2603425559947299
2021-12-31,-0.18023715415019761
2022-01-04,-0.24308300395256918
2022-01-05,-0.2573122529644269
2022-01-06,-0.17285902503293807
2022-01-07,-0.024242424242424242
2022-01-10,0.017523056653491437
2022-01-11,0.050197628458498025
2022-01-12,-0.17272727272727273
2022-01-13,0.046772068511198944
2022-01-14,-0.01818181818181818
2022-01-17,-0.038866930171278
2022-01-18,0.11633728590250329
2022-01-19,0.21357048748353097
2022-01-20,0.08023715415019762
2022-01-21,0.06521739130434782
2022-01-24,0.0932806324110672
2022-01-25,-0.03372859025032938
2022-01-26,-0.04808959156785244
2022-01-27,-0.28405797101449276
2022-01-28,-0.030039525691699605
2022-02-07,-0.07364953886693017
2022-02-08,-0.02015810276679842
2022-02-09,-0.05454545454545454
2022-02-10,-0.04466403162055336
2022-02-11,-0.1536231884057971
2022-02-14,-0.2516469038208169
2022-02-15,-0.11857707509881422
2022-02-16,-0.03293807641633729
2022-02-17,-0.04703557312252964
2022-02-18,0.1673254281949934
2022-02-21,0.2964426877470356
2022-02-22,0.17575757575757575
2022-02-23,-0.06930171277997364
2022-02-24,-0.03689064558629776
2022-02-25,-0.09077733860342556
2022-02-28,-0.21752305665349145
2022-03-01,-0.020816864295125165
2022-03-02,0.1606060606060606
2022-03-03,0.1642951251646904
2022-03-04,0.1251646903820817
2022-03-07,0.2893280632411067
2022-03-08,0.0981554677206851
2022-03-09,-0.2509881422924901
2022-03-10,-0.20513833992094863
2022-03-11,-0.1608695652173913
2022-03-14,-0.13820816864295124
2022-03-15,-0.045059288537549404
2022-03-16,0.10144927536231885
2022-03-17,-0.0067193675889328066
2022-03-18,-0.1225296442687747
2022-03-21,-0.055204216073781294
2022-03-22,-0.12687747035573121
2022-03-23,-0.10988142292490119
2022-03-24,-0.1318840579710145
2022-03-25,-0.1712779973649539
2022-03-28,-0.3068511198945982
2022-03-29,-0.31225296442687744
2022-03-30,-0.23926218708827404
2022-03-31,-0.001976284584980237
2022-04-01,0.11515151515151516
2022-04-06,0.11627906976744186
2022-04-07,-0.16800563777307964
2022-04-08,0.12163495419309373
2022-04-11,0.05398167723749119
2022-04-12,-0.1777307963354475
2022-04-13,0.12825933756166313
2022-04-14,0.15836627140974968
2022-04-15,0.3341238471673254
2022-04-18,0.2455862977602108
2022-04-19,0.20566534914361
2022-04-20,0.21436100131752306
2022-04-21,0.0378129117259552
2022-04-22,0.01989459815546772
2022-04-25,0.10013175230566534
2022-04-26,-0.07628458498023716
2022-04-27,-0.10961791831357048
2022-04-28,0.14413702239789197
2022-04-29,0.08129117259552042
2022-05-05,-0.08722002635046114
2022-05-06,-0.08866930171277998
2022-05-09,-0.1442687747035573
2022-05-10,-0.16613965744400527
2022-05-11,-0.11963109354413702
2022-05-12,-0.20909090909090908
2022-05-13,0.14571805006587615
2022-05-16,0.1292490118577075
2022-05-17,0.010671936758893281
2022-05-18,0.12292490118577075
2022-05-19,0.24835309617918314
2022-05-20,0.22266139657444006
2022-05-23,0.07351778656126483
2022-05-24,0.020948616600790514
2022-05-25,0.02608695652173913
2022-05-26,0.03570487483530962
2022-05-27,0.11146245059288537
2022-05-30,0.16877470355731225
2022-05-31,0.19209486166007905
2022-06-01,-0.061923583662714096
2022-06-02,-0.18748353096179182
2022-06-06,0.06521739130434782
2022-06-07,-0.04137022397891963
2022-06-08,0.10171277997364954
2022-06-09,0.1450592885375494
2022-06-10,0.16073781291172595
2022-06-13,0.12582345191040845
2022-06-14,-0.03386034255599473
2022-06-15,-0.133201581027668
2022-06-16,-0.2587615283267457
2022-06-17,-0.2616600790513834
2022-06-20,-0.14980237154150197
2022-06-21,-0.2613965744400527
2022-06-22,-0.20395256916996046
2022-06-23,-0.09841897233201581
2022-06-24,-0.1469038208168643
2022-06-27,-0.05059288537549407
2022-06-28,0.11791831357048749
2022-06-29,0.26798418972332017
2022-06-30,0.11952078928823115
2022-07-01,-0.03715415019762846
2022-07-04,0.06679841897233202
2022-07-05,-0.15046113306982872
2022-07-06,-0.02450592885375494
2022-07-07,-0.05507246376811594
2022-07-08,0.12542819499341237
2022-07-11,0.06548089591567853
2022-07-12,0.17483530961791832
2022-07-13,0.15322793148880107
2022-07-14,0.1691699604743083
2022-07-15,0.11409749670619236
2022-07-18,-0.050724637681159424
2022-07-19,-0.03372859025032938
2022-07-20,0.09393939393939393
2022-07-21,0.04440052700922266
2022-07-22,0.020685111989459815
2022-07-25,0.09828722002635046
2022-07-26,0.028326745718050064
2022-07-27,0.0233201581027668
2022-07-28,0.07417654808959157
2022-07-29,0.07812911725955204
2022-08-01,0.03978919631093544
2022-08-02,0.09934123847167325
2022-08-03,0.14729907773386033
2022-08-04,0.11936758893280633
2022-08-05,0.030961791831357048
2022-08-08,-0.05586297760210804
2022-08-09,-0.04769433465085639
2022-08-10,-0.03636363636363636
2022-08-11,-0.03978919631093544
2022-08-12,-0.18432147562582346
2022-08-15,-0.2437417654808959
2022-08-16,-0.38945981554677206
2022-08-17,-0.3375494071146245
2022-08-18,-0.2754940711462451
2022-08-19,0.10263504611330698
2022-08-22,0.02015810276679842
2022-08-23,0.17272727272727273
2022-08-24,0.1743083003952569
2022-08-25,-0.11989459815546773
2022-08-26,-0.2492753623188406
2022-08-29,-0.3787878787878788
2022-08-30,-0.42002635046113307
2022-08-31,-0.3144927536231884
2022-09-01,0.0227931488801054
2022-09-02,-0.17299077733860344
2022-09-05,-0.04163372859025033
2022-09-06,-0.24782608695652175
2022-09-07,-0.2367588932806324
2022-09-08,-0.13504611330698288
2022-09-09,-0.07997364953886693
2022-09-13,-0.0831357048748353
2022-09-14,-0.06903820816864295
2022-09-15,0.11225296442687747
2022-09-16,-0.05876152832674572
2022-09-19,-0.06310935441370225
2022-09-20,-0.0035573122529644267
2022-09-21,0.08919631093544136
2022-09-22,0.127931488801054
2022-09-23,0.19235836627140976
2022-09-26,0.17193675889328064
2022-09-27,0.21027667984189724
2022-09-28,0.0766798418972332
2022-09-29,0.08102766798418973
2022-09-30,0.0230566534914361
2022-10-10,0.017127799736495388
2022-10-11,0.09156785243741765
2022-10-12,0.07364953886693017
2022-10-13,-0.17312252964426877
2022-10-14,0.07167325428194993
2022-10-17,0.1795783926218709
2022-10-18,0.0067193675889328066
2022-10-19,0.08155467720685113
2022-10-20,0.10434782608695652
2022-10-21,-0.0035573122529644267
2022-10-24,-0.039525691699604744
2022-10-25,-0.14413702239789197
2022-10-26,-0.23333333333333334
2022-10-27,0.0015810276679841897
2022-10-28,0.13465085638998683
2022-10-31,0.22938076416337286
2022-11-01,0.11844532279314889
2022-11-02,-0.008432147562582345
2022-11-03,-0.14031620553359683
2022-11-04,-0.17523056653491437
2022-11-07,-0.18642951251646903
2022-11-08,-0.05704874835309618
2022-11-09,-0.021080368906455864
2022-11-10,-0.032542819499341236
2022-11-11,0.28866930171278
2022-11-14,0.20974967061923583
2022-11-15,-0.020816864295125165
2022-11-16,-0.10013175230566534
2022-11-17,-0.032279314888010543
2022-11-18,-0.1903820816864295
2022-11-21,-0.16231884057971013
2022-11-22,-0.17009222661396575
2022-11-23,0.002766798418972332
2022-11-24,-0.09947299077733861
2022-11-25,-0.19235836627140976
2022-11-28,0.08682476943346508
2022-11-29,0.10922266139657444
2022-11-30,0.023715415019762844
2022-12-01,-0.010144927536231883
2022-12-02,-0.004874835309617918
2022-12-05,-0.0756258234519104
2022-12-06,-0.12727272727272726
2022-12-07,-0.03662714097496706
2022-12-08,0.022002635046113307
2022-12-09,-0.09723320158102766
2022-12-12,-0.1761528326745718
2022-12-13,0.053227931488801054
2022-12-14,-0.21699604743083004
2022-12-15,-0.05586297760210804
2022-12-16,0.09907773386034256
2022-12-19,0.1237491190979563
2022-12-20,-0.1276955602536998
2022-12-21,-0.09006342494714588
2022-12-22,-0.10063424947145877
2022-12-23,0.012544045102184638
2022-12-26,0.1430584918957012
2022-12-27,0.133615221987315
2022-12-28,0.18477801268498942
2022-12-29,0.2208597603946441
2022-12-30,0.16391825229034532
2023-01-03,-0.07417654808959157
2023-01-04,0.22213438735177865
2023-01-05,0.21119894598155467
2023-01-06,0.33899868247694337
2023-01-09,0.3046113306982872
2023-01-10,0.3370223978919631
2023-01-11,0.09486166007905138
2023-01-12,-0.15586297760210804
2023-01-13,-0.11212121212121212
2023-01-16,-0.16179183135704875
2023-01-17,-0.17061923583662714
2023-01-18,-0.16521739130434782
2023-01-19,-0.16363636363636364
2023-01-20,-0.11897233201581027
2023-01-30,0.0616600790513834
2023-01-31,0.25204216073781294
2023-02-01,0.06258234519104085
2023-02-02,0.2675889328063241
2023-02-03,0.14953886693017127
2023-02-06,-0.1
2023-02-07,-0.04808959156785244
2023-02-08,-0.12938076416337285
2023-02-09,-0.11462450592885376
2023-02-10,-0.14440052700922265
2023-02-13,0.04703557312252964
2023-02-14,-0.048748353096179184
2023-02-15,-0.020553359683794466
2023-02-16,-0.06297760210803689
2023-02-17,0.2080368906455863
2023-02-20,0.07325428194993412
2023-02-21,0.2
2023-02-22,0.09077733860342556
2023-02-23,0.13860342555994729
2023-02-24,0.15731225296442689
2023-02-27,0.08234519104084322
2023-02-28,0.22266139657444006
2023-03-01,0.18814229249011857
2023-03-02,0.14163372859025034
2023-03-03,0.33438735177865614
2023-03-06,0.2399209486166008
2023-03-07,0.08155467720685113
2023-03-08,0.16903820816864296
2023-03-09,0.17233201581027668
2023-03-10,-0.08247694334650857
2023-03-13,0.0857707509881423
2023-03-14,0.18498023715415018
2023-03-15,0.011330698287220026
2023-03-16,-0.10527009222661396
2023-03-17,0.08616600790513834
2023-03-20,0.17523056653491437
2023-03-21,0.20092226613965744
2023-03-22,0.23583662714097497
2023-03-23,0.2745718050065876
2023-03-24,0.32055335968379445
2023-03-27,0.12569169960474308
2023-03-28,-0.005928853754940711
2023-03-29,0.014888010540184453
2023-03-30,-0.08866930171277998
2023-03-31,-0.13610013175230568
2023-04-03,-0.029644268774703556
2023-04-04,-0.11396574440052701
2023-04-06,-0.10092226613965745
2023-04-07,0.10316205533596838
2023-04-10,0.09644268774703557
2023-04-11,0.1318840579710145
2023-04-12,0.13069828722002635
2023-04-13,0.13201581027667983
2023-04-14,0.11712779973649538
2023-04-17,0.17707509881422925
2023-04-18,0.2957839262187088
2023-04-19,0.15678524374176547
2023-04-20,0.06548089591567853
2023-04-21,0.10144927536231885
2023-04-24,-0.03939393939393939
2023-04-25,-0.10895915678524375
2023-04-26,-0.18919631093544137
2023-04-27,-0.30974967061923586
2023-04-28,-0.3251646903820817
2023-05-04,-0.14404510218463706
2023-05-05,0.0525722339675828
2023-05-08,0.11080368906455863
2023-05-09,0.030303030303030304
2023-05-10,-0.001976284584980237
2023-05-11,0.05612648221343874
2023-05-12,0.020948616600790514
2023-05-15,-0.002503293807641634
2023-05-16,0.016732542819499343
2023-05-17,0.08168642951251646
2023-05-18,0.05480895915678524
2023-05-19,0.021212121212121213
2023-05-22,0.07971014492753623
2023-05-23,0.011198945981554678
2023-05-24,0.04980237154150197
2023-05-25,0.1642951251646904
2023-05-26,0.2932806324110672
2023-05-29,0.07325428194993412
2023-05-30,0.05731225296442688
2023-05-31,-0.046245059288537546
2023-06-01,-0.07483530961791832
2023-06-02,0.00909090909090909
2023-06-05,0.17444005270092228
2023-06-06,0.07984189723320158
2023-06-07,0.16258234519104084
2023-06-08,0.16877470355731225
2023-06-09,-0.002766798418972332
2023-06-12,0.12266139657444006
2023-06-13,0.2458498023715415
2023-06-14,0.23530961791831356
2023-06-15,0.11106719367588933
2023-06-16,0.12648221343873517
2023-06-19,0.042687747035573126
2023-06-20,0.021080368906455864
2023-06-21,0.06706192358366271
2023-06-26,0.11119894598155468
2023-06-27,0.1160737812911726
2023-06-28,-0.13162055335968378
2023-06-29,-0.26553911205073993
2023-06-30,-0.1399209486166008
2023-07-03,-0.24347826086956523
2023-07-04,-0.09249011857707509
2023-07-05,-0.053227931488801054
2023-07-06,-0.06179183135704875
2023-07-07,-0.20105401844532278
2023-07-10,-0.17101449275362318
2023-07-11,-0.27786561264822135
2023-07-12,-0.3230566534914361
2023-07-13,-0.29934123847167327
2023-07-14,-0.1592885375494071
2023-07-17,-0.08089591567852437
2023-07-18,-0.12173913043478261
2023-07-19,-0.1072463768115942
2023-07-20,-0.06429512516469038
2023-07-21,-0.03570487483530962
2023-07-24,-0.025955204216073783
2023-07-25,-0.006060606060606061
2023-07-26,0.0683794466403162
2023-07-27,0.04980237154150197
2023-07-28,0.2339920948616601
2023-07-31,0.017918313570487482
2023-08-01,-0.2160737812911726
2023-08-02,-0.07760210803689065
2023-08-03,-0.2559947299077734
2023-08-04,-0.11080368906455863
2023-08-07,-0.008432147562582345
2023-08-08,-0.02318840579710145
2023-08-09,-0.0981554677206851
2023-08-10,0.09789196310935441
2023-08-11,-0.07364953886693017
2023-08-14,-0.1590250329380764
2023-08-15,-0.0769433465085639
2023-08-16,-0.059420289855072465
2023-08-17,0.0391304347826087
2023-08-18,-0.14374176548089593
2023-08-21,-0.2683794466403162
2023-08-22,-0.2567852437417655
2023-08-23,-0.22648221343873517
2023-08-24,-0.2461133069828722
2023-08-25,0.05164690382081687
2023-08-28,0.1367588932806324
2023-08-29,0.12648221343873517
2023-08-30,0.10592885375494071
2023-08-31,0.09446640316205533
2023-09-01,-0.03241106719367589
2023-09-04,0.2573122529644269
2023-09-05,0.22714097496706193
2023-09-06,0.2409749670619236
2023-09-07,0.261133069828722
2023-09-08,0.1482213438735178
2023-09-11,-0.07957839262187089
2023-09-12,0.06034255599472991
2023-09-13,-0.008695652173913044
2023-09-14,0.05401844532279315
2023-09-15,0.10540184453227931
2023-09-18,0.26324110671936757
2023-09-19,0.10632411067193676
2023-09-20,0.19776021080368905
2023-09-21,-0.07971014492753623
2023-09-22,0.09143610013175231
2023-09-25,0.017654808959156786
2023-09-26,-0.050461133069828724
2023-09-27,0.07496706192358367
2023-09-28,0.08550724637681159
2023-10-09,0.11119894598155468
2023-10-10,0.11620553359683794
2023-10-11,0.21712779973649537
2023-10-12,0.2077733860342556
2023-10-13,0.12859025032938076
2023-10-16,0.025296442687747035
2023-10-17,-0.15322793148880107
2023-10-18,-0.1150197628458498
2023-10-19,-0.10342555994729907
2023-10-20,0.03491436100131752
2023-10-23,0.17457180500658762
2023-10-24,0.2810276679841897
2023-10-25,0.3230566534914361
2023-10-26,0.17378129117259553
2023-10-27,0.04901185770750988
2023-10-30,-0.2627140974967062
2023-10-31,-0.10974967061923584
2023-11-01,-0.09631093544137022
2023-11-02,0.02476943346508564
2023-11-03,0.06982872200263504
2023-11-06,0.09696969696969697
2023-11-07,0.06785243741765482
2023-11-08,0.1976284584980237
2023-11-09,0.11370223978919632
2023-11-10,0.04189723320158103
2023-11-13,0.10540184453227931
2023-11-14,-0.155467720685112
2023-11-15,-0.16363636363636364
2023-11-16,-0.2590556730091614
2023-11-17,-0.18675123326286117
2023-11-20,-0.1075098814229249
2023-11-21,0.19670619235836628
2023-11-22,0.22569169960474308
2023-11-23,0.25375494071146243
2023-11-24,0.2567852437417655
2023-11-27,0.045718050065876155
2023-11-28,-0.015283267457180501
2023-11-29,-0.16337285902503293
2023-11-30,-0.2343904157857646
2023-12-01,-0.11937984496124031
2023-12-04,-0.11360112755461593
2023-12-05,-0.13798449612403102
2023-12-06,0.01113460183227625
2023-12-07,0.05144467935165609
2023-12-08,0.027140974967061922
2023-12-11,-0.06416337285902503
2023-12-12,-0.07509881422924901
2023-12-13,-0.1683794466403162
2023-12-14,-0.08194993412384717
2023-12-15,-0.02779973649538867
2023-12-18,-0.069433465085639
2023-12-19,0.028458498023715414
2023-12-20,0.13544137022397892
2023-12-21,0.07180500658761528
2023-12-22,0.10606060606060606
2023-12-25,-0.10408432147562582
2023-12-26,-0.15006587615283268
2023-12-27,-0.17035573122529643
2023-12-28,-0.1992094861660079
2023-12-29,-0.2914361001317523
2024-01-02,-0.2541501976284585
2024-01-03,-0.16126482213438736
2024-01-04,-0.23030303030303031
2024-01-05,-0.002898550724637681
2024-01-08,-0.14308300395256918
2024-01-09,-0.15217391304347827
2024-01-10,-0.2808959156785244
2024-01-11,-0.1963109354413702
2024-01-12,-0.11462450592885376
2024-01-15,-0.18353096179183137
2024-01-16,0.01857707509881423
2024-01-17,-0.17681159420289855
2024-01-18,-0.23926218708827404
2024-01-19,-0.5708827404479578
2024-01-22,-0.1715415019762846
2024-01-23,-0.2246376811594203
2024-01-24,0.0034255599472990776
2024-01-25,0.10237154150197629
2024-01-26,0.23002114164904863
2024-01-29,0.05164690382081687
2024-01-30,0.16403162055335968
2024-01-31,0.19591567852437416
2024-02-01,0.30092226613965745
2024-02-02,0.2383399209486166
2024-02-05,0.15691699604743084
2024-02-06,0.10092226613965745
2024-02-07,-0.17285902503293807
2024-02-08,-0.16508563899868248
2024-02-19,-0.00013175230566534913
2024-02-20,-0.06324110671936758
2024-02-21,0.23043478260869565
2024-02-22,0.051251646903820815
2024-02-23,0.04914361001317523
2024-02-26,0.059156785243741766
2024-02-27,0.28563899868247694
2024-02-28,0.07509881422924901
2024-02-29,0.19749670619235837
2024-03-01,0.2906455862977602
2024-03-04,0.16258234519104084
2024-03-05,0.04782608695652174
2024-03-06,-0.10289855072463767
2024-03-07,-0.0847167325428195
2024-03-08,-0.07101449275362319
2024-03-11,-0.04835309617918314
2024-03-12,-0.026613965744400527
2024-03-13,-0.025164690382081686
2024-03-14,-0.21844532279314888
2024-03-15,-0.08102766798418973
2024-03-18,-0.0769433465085639
2024-03-19,-0.1300395256916996
2024-03-20,-0.11488801054018445
2024-03-21,-0.01396574440052701
2024-03-22,-0.019235836627140974
2024-03-25,-0.03715415019762846
2024-03-26,0.01857707509881423
2024-03-27,0.06811594202898551
2024-03-28,0.09512516469038208
2024-03-29,0.1785243741765481
2024-04-01,0.14150197628458497
2024-04-02,0.12951251646903822
2024-04-03,0.21357048748353097
2024-04-08,0.23346508563899868
2024-04-09,0.23847167325428195
2024-04-10,0.24413702239789195
2024-04-11,0.2238471673254282
2024-04-12,0.16613965744400527
2024-04-15,0.1463768115942029
2024-04-16,-0.05609584214235377
2024-04-17,-0.13438735177865613
2024-04-18,0.06745718050065876
2024-04-19,0.0769433465085639
2024-04-22,-0.07140974967061924
2024-04-23,-0.01884057971014493
2024-04-24,-0.09209486166007905
2024-04-25,-0.10487483530961791
2024-04-26,-0.12134387351778655
2024-04-29,-0.02911725955204216
2024-04-30,0.060737812911725954
2024-05-06,0.155467720685112
2024-05-07,0.03412384716732543
2024-05-08,-0.07971014492753623
2024-05-09,-0.07984189723320158
2024-05-10,-0.13952569169960474
2024-05-13,-0.2938076416337286
2024-05-14,-0.18102766798418973
2024-05-15,-0.20606060606060606
2024-05-16,0.002108036890645586
2024-05-17,0.09828722002635046
2024-05-20,0.18787878787878787
2024-05-21,0.3662714097496706
2024-05-22,0.22911725955204215
2024-05-23,0.2085638998682477
2024-05-24,0.27220026350461135
2024-05-27,0.29314888010540185
2024-05-28,0.35059288537549405
2024-05-29,0.2811594202898551
2024-05-30,0.3125164690382082
2024-05-31,0.22621870882740447
2024-06-03,0.10289855072463767
2024-06-04,0.05204216073781291
2024-06-05,0.16179183135704875
2024-06-06,-0.20421607378129117
2024-06-07,-0.061923583662714096
2024-06-11,-0.26205533596837943
2024-06-12,-0.13965744400527008
2024-06-13,-0.3061923583662714
2024-06-14,-0.16047430830039525
2024-06-17,-0.16297760210803688
2024-06-18,-0.10513833992094862
2024-06-19,-0.14953886693017127
2024-06-20,0.0003952569169960474
2024-06-21,0.1069828722002635
2024-06-24,-0.10210803689064558
2024-06-25,-0.020553359683794466
2024-06-26,0.0686429512516469
2024-06-27,0.10606060606060606
2024-06-28,-0.011989459815546772
2024-07-01,0.07681465821000705
2024-07-02,0.25889328063241107
2024-07-03,0.3486166007905138
2024-07-04,0.29446640316205536
2024-07-05,0.4449275362318841
2024-07-08,0.48616600790513836
2024-07-09,0.31054018445322795
2024-07-10,0.17272727272727273
2024-07-11,0.11791831357048749
2024-07-12,-0.05862977602108037
2024-07-15,-0.05217391304347826
2024-07-16,-0.12384716732542819
2024-07-17,-0.07430830039525692
2024-07-18,-0.011594202898550725
2024-07-19,-0.03992094861660079
2024-07-22,0.036495388669301715
2024-07-23,0.11238471673254281
2024-07-24,-0.08023715415019762
2024-07-25,-0.13544137022397892
2024-07-26,-0.2955204216073781
2024-07-29,-0.28274044795783926
2024-07-30,-0.11646903820816865
2024-07-31,-0.03372859025032938
2024-08-01,-0.001976284584980237
2024-08-02,-0.08906455862977603
2024-08-05,0.15375494071146245
2024-08-06,0.13280632411067195
2024-08-07,0.11054018445322793
2024-08-08,-0.08985507246376812
2024-08-09,0.12990777338603426
2024-08-12,0.05665349143610013
2024-08-13,0.09143610013175231
2024-08-14,-0.1220026350461133
2024-08-15,0.08722002635046114
2024-08-16,0.09249011857707509
2024-08-19,-0.08432147562582346
2024-08-20,-0.039525691699604744
2024-08-21,0.15217391304347827
2024-08-22,0.11080368906455863
2024-08-23,-0.0544137022397892
2024-08-26,0.12424242424242424
2024-08-27,-0.08998682476943347
2024-08-28,-0.14268774703557313
2024-08-29,-0.29815546772068513
2024-08-30,0.045981554677206854
2024-09-02,-0.12714097496706192
2024-09-03,-0.02753623188405797
2024-09-04,0.0699604743083004
2024-09-05,-0.13715415019762847
2024-09-06,-0.2310935441370224
2024-09-09,-0.039262187088274045
2024-09-10,-0.1404479578392622
2024-09-11,-0.1235836627140975
2024-09-12,-0.15085638998682477
2024-09-13,-0.17272727272727273
2024-09-18,-0.13662714097496706
2024-09-19,-0.11330698287220026
2024-09-20,-0.1013175230566535
2024-09-23,-0.07733860342555995
2024-09-24,-0.12740447957839263
2024-09-25,0.03557312252964427
2024-09-26,0.1956521739130435
2024-09-27,0.22371541501976286
2024-09-30,0.20303030303030303
2024-10-08,0.039262187088274045
2024-10-09,-0.10948616600790514
2024-10-10,-0.19077733860342555
2024-10-11,0.01831357048748353
2024-10-14,0.16179183135704875
2024-10-15,0.09986824769433465
2024-10-16,0.10737812911725955
2024-10-17,-0.06310935441370225
2024-10-18,-0.11594202898550725
2024-10-21,-0.15612648221343872
2024-10-22,-0.07272727272727272
2024-10-23,-0.17391304347826086
2024-10-24,0.01238471673254282
2024-10-25,0.22121212121212122
2024-10-28,0.17799736495388668
2024-10-29,0.19077733860342555
2024-10-30,0.19025032938076417
2024-10-31,-0.03267457180500659
2024-11-01,0.13478260869565217
2024-11-04,0.25507246376811593
2024-11-05,0.05480895915678524
2024-11-06,-0.06521739130434782
2024-11-07,0.3994729907773386
2024-11-08,0.2658761528326746
2024-11-11,0.06666666666666667
2024-11-12,0.1158102766798419
2024-11-13,0.14571805006587615
2024-11-14,-0.07088274044795784
2024-11-15,-0.3142292490118577
2024-11-18,-0.20250329380764162
2024-11-19,-0.12859025032938076
2024-11-20,-0.2824769433465086
2024-11-21,-0.2636363636363636
2024-11-22,-0.21027667984189724
2024-11-25,-0.050461133069828724
2024-11-26,-0.014492753623188406
2024-11-27,-0.04044795783926219
2024-11-28,-0.006587615283267457
2024-11-29,-0.10974967061923584
2024-12-02,-0.15612648221343872
2024-12-03,-0.18458498023715414
2024-12-04,-0.23530961791831356
2024-12-05,-0.37193675889328065
2024-12-06,-0.24861660079051384
2024-12-09,0.05283267457180501
2024-12-10,0.02608695652173913
2024-12-11,0.27628458498023717
2024-12-12,0.3458498023715415
2024-12-13,0.24848484848484848
2024-12-16,0.15744400527009222
2024-12-17,0.26337285902503293
2024-12-18,0.2447957839262187
2024-12-19,0.2989459815546772
2024-12-20,0.355461592670895
2024-12-23,
2024-12-24,
2024-12-25,
2024-12-26,
2024-12-27,
2024-12-30,
