datetime,open,high,low,close,volume,turnover,open_interest
2022-01-04 00:00:00,2190.3,2212.8,2152.79,2212.8,1169259,1918887056.0,0
2022-01-05 00:00:00,2202.8,2282.82,2199.05,2274.07,1961998,3344124592.0,0
2022-01-06 00:00:00,2269.06,2289.07,2255.31,2270.31,1107885,1896535840.0,0
2022-01-07 00:00:00,2267.81,2290.32,2262.81,2280.32,1126631,1937710960.0,0
2022-01-10 00:00:00,2291.57,2307.82,2259.06,2279.07,909774,1563414576.0,0
2022-01-11 00:00:00,2287.82,2322.82,2272.82,2306.57,1581999,2752485392.0,0
2022-01-12 00:00:00,2306.57,2311.57,2242.81,2255.31,1502164,2561266416.0,0
2022-01-13 00:00:00,2244.06,2285.32,2232.81,2252.81,909423,1550319152.0,0
2022-01-14 00:00:00,2255.31,2257.81,2167.8,2171.55,2103095,3459950800.0,0
2022-01-17 00:00:00,2174.05,2190.3,2145.29,2157.8,1143689,1855633792.0,0
2022-01-18 00:00:00,2161.55,2197.8,2150.29,2195.3,1152974,1891094608.0,0
2022-01-19 00:00:00,2197.8,2216.56,2175.3,2192.8,988392,1630973584.0,0
2022-01-20 00:00:00,2189.05,2312.82,2182.8,2296.57,3031194,5195805440.0,0
2022-01-21 00:00:00,2311.57,2325.32,2281.57,2299.07,1481683,2575115120.0,0
2022-01-24 00:00:00,2297.82,2302.82,2252.81,2280.32,874771,1501390336.0,0
2022-01-25 00:00:00,2265.31,2265.31,2231.56,2236.56,1093284,1851999024.0,0
2022-01-26 00:00:00,2249.06,2267.81,2197.8,2211.55,984975,1646384992.0,0
2022-01-27 00:00:00,2192.8,2197.8,2161.55,2167.8,1024643,1677261296.0,0
2022-01-28 00:00:00,2179.05,2186.55,2107.79,2109.04,1675564,2695470336.0,0
2022-02-07 00:00:00,2132.79,2181.55,2116.54,2179.05,1515476,2451798480.0,0
2022-02-08 00:00:00,2167.8,2251.56,2162.8,2234.06,1754695,2950309008.0,0
2022-02-09 00:00:00,2245.31,2255.31,2219.06,2237.81,1051162,1774253632.0,0
2022-02-10 00:00:00,2226.56,2259.06,2214.06,2254.06,784557,1326848944.0,0
2022-02-11 00:00:00,2259.06,2297.82,2259.06,2267.81,1078139,1852167488.0,0
2022-02-14 00:00:00,2267.81,2274.07,2194.05,2202.8,1150659,1917613424.0,0
2022-02-15 00:00:00,2192.8,2214.06,2142.79,2165.3,1208264,1968985376.0,0
2022-02-16 00:00:00,2174.05,2196.55,2156.55,2181.55,782400,1282234144.0,0
2022-02-17 00:00:00,2179.05,2199.05,2170.3,2182.8,794502,1306514352.0,0
2022-02-18 00:00:00,2170.3,2226.56,2169.05,2226.56,802499,1330233360.0,0
2022-02-21 00:00:00,2212.8,2214.06,2170.3,2194.05,800995,1316023712.0,0
2022-02-22 00:00:00,2169.05,2185.3,2150.29,2159.05,894957,1454156224.0,0
2022-02-23 00:00:00,2167.8,2169.05,2135.29,2154.04,886742,1431289856.0,0
2022-02-24 00:00:00,2146.54,2149.04,2105.29,2119.04,1324087,2112842560.0,0
2022-02-25 00:00:00,2129.04,2140.29,2114.04,2117.79,726397,1157890272.0,0
2022-02-28 00:00:00,2117.79,2120.29,2082.78,2099.04,723990,1137154096.0,0
2022-03-01 00:00:00,2104.04,2124.04,2082.78,2120.29,935040,1474693968.0,0
2022-03-02 00:00:00,2104.04,2114.04,2087.78,2090.28,760761,1196321952.0,0
2022-03-03 00:00:00,2096.54,2106.54,2084.03,2094.03,578285,908171584.0,0
2022-03-04 00:00:00,2082.78,2084.03,2040.28,2046.53,990936,1523793664.0,0
2022-03-07 00:00:00,2026.52,2026.52,1962.76,1970.26,1113159,1655959936.0,0
2022-03-08 00:00:00,1957.76,1987.77,1911.5,1919.01,1003033,1463145936.0,0
2022-03-09 00:00:00,1930.26,1936.51,1782.73,1860.25,1800760,2492042992.0,0
2022-03-10 00:00:00,1902.75,1974.01,1891.5,1951.51,2249158,3269867792.0,0
2022-03-11 00:00:00,1930.26,2002.77,1899.0,1992.77,1493647,2187480608.0,0
2022-03-14 00:00:00,1959.01,1996.52,1936.51,1941.51,1118407,1637278464.0,0
2022-03-15 00:00:00,1930.26,1930.26,1830.24,1840.24,1781409,2479769552.0,0
2022-03-16 00:00:00,1862.75,1930.26,1818.99,1919.01,1531779,2141637072.0,0
2022-03-17 00:00:00,1962.76,1969.01,1910.25,1936.51,1730061,2506504224.0,0
2022-03-18 00:00:00,1925.26,1986.52,1897.75,1967.76,1528807,2222158768.0,0
2022-03-21 00:00:00,1942.76,1982.77,1929.01,1954.01,1208868,1765673888.0,0
2022-03-22 00:00:00,1954.01,2032.77,1942.76,2027.77,1628657,2443174048.0,0
2022-03-23 00:00:00,2019.02,2029.02,1992.77,2005.27,1050102,1577561344.0,0
2022-03-24 00:00:00,1995.27,2044.03,1981.52,2030.27,1002360,1518870080.0,0
2022-03-25 00:00:00,2024.02,2036.53,1982.77,2002.77,742933,1116354592.0,0
2022-03-28 00:00:00,1980.27,2011.52,1959.01,1986.52,727137,1078327296.0,0
2022-03-29 00:00:00,1990.27,1999.02,1955.26,1965.26,615643,909169632.0,0
2022-03-30 00:00:00,1987.77,2039.03,1975.26,2031.52,1236792,1859617040.0,0
2022-03-31 00:00:00,2017.77,2076.53,2012.77,2052.78,1163747,1789209952.0,0
2022-04-01 00:00:00,2051.53,2104.04,2030.27,2099.04,1484879,2319616864.0,0
2022-04-06 00:00:00,2085.28,2197.8,2084.03,2179.05,2488540,4064051488.0,0
2022-04-07 00:00:00,2177.8,2212.8,2155.3,2165.3,1659065,2724002912.0,0
2022-04-08 00:00:00,2162.8,2186.55,2146.54,2180.3,1066779,1741072080.0,0
2022-04-11 00:00:00,2174.05,2180.3,2105.29,2136.54,1416735,2277469056.0,0
2022-04-12 00:00:00,2136.54,2162.8,2087.78,2120.29,1039261,1654820080.0,0
2022-04-13 00:00:00,2116.54,2140.29,2095.29,2105.29,890628,1415496128.0,0
2022-04-14 00:00:00,2130.29,2161.55,2120.29,2135.29,929615,1493343952.0,0
2022-04-15 00:00:00,2117.79,2196.55,2112.79,2182.8,1231761,2014010096.0,0
2022-04-18 00:00:00,2149.04,2155.3,2106.54,2117.79,1086888,1734236528.0,0
2022-04-19 00:00:00,2117.79,2126.54,2082.78,2106.54,821772,1294226944.0,0
2022-04-20 00:00:00,2106.54,2136.54,2092.78,2111.54,716555,1137697840.0,0
2022-04-21 00:00:00,2101.54,2127.79,2092.78,2106.54,709891,1124663648.0,0
2022-04-22 00:00:00,2085.28,2154.04,2055.28,2137.79,921274,1468452960.0,0
2022-04-25 00:00:00,2089.03,2119.04,1977.77,1986.52,1664481,2527610224.0,0
2022-04-26 00:00:00,1990.27,2002.77,1936.51,1971.51,988210,1456929632.0,0
2022-04-27 00:00:00,2002.77,2086.53,2000.27,2086.53,1490295,2296798752.0,0
2022-04-28 00:00:00,2076.53,2121.54,2051.53,2086.53,911772,1426381920.0,0
2022-04-29 00:00:00,2091.53,2097.79,2001.52,2045.28,1645013,2503476832.0,0
2022-05-05 00:00:00,2030.27,2061.53,2024.02,2045.28,790196,1208735136.0,0
2022-05-06 00:00:00,2007.77,2030.27,1994.02,2000.27,832432,1250995600.0,0
2022-05-09 00:00:00,1997.77,1997.77,1937.76,1949.01,818621,1197104240.0,0
2022-05-10 00:00:00,1942.76,1955.26,1894.0,1954.01,992285,1425836928.0,0
2022-05-11 00:00:00,1947.76,1985.27,1935.26,1959.01,848574,1240700432.0,0
2022-05-12 00:00:00,1940.26,1950.26,1921.51,1927.76,685064,987061600.0,0
2022-05-13 00:00:00,1942.76,1962.76,1941.51,1956.51,676312,985962928.0,0
2022-05-16 00:00:00,1962.76,1971.51,1924.01,1931.51,668228,965652304.0,0
2022-05-17 00:00:00,1944.01,1970.26,1920.26,1969.01,931406,1357428400.0,0
2022-05-18 00:00:00,1986.52,1991.52,1964.01,1974.01,778578,1150500432.0,0
2022-05-19 00:00:00,1949.01,1967.76,1942.76,1957.76,590922,863214128.0,0
2022-05-20 00:00:00,1967.76,2010.27,1964.01,2007.77,948598,1415164704.0,0
2022-05-23 00:00:00,2014.02,2014.02,1975.26,1984.02,647726,962683728.0,0
2022-05-24 00:00:00,1989.02,1989.02,1930.26,1930.26,933557,1358693536.0,0
2022-05-25 00:00:00,1934.01,1941.51,1917.75,1929.01,603228,866228928.0,0
2022-05-26 00:00:00,1931.51,1934.01,1889.0,1904.0,1011318,1435689344.0,0
2022-05-27 00:00:00,1916.5,1924.01,1894.0,1902.75,723067,1029702192.0,0
2022-05-30 00:00:00,1912.75,1915.25,1885.25,1890.25,896901,1265573040.0,0
2022-05-31 00:00:00,1889.0,1902.75,1880.25,1900.25,938869,1325012048.0,0
2022-06-01 00:00:00,1897.75,1897.75,1880.25,1890.25,845299,1187423728.0,0
2022-06-02 00:00:00,1882.75,1884.0,1865.25,1874.0,979268,1363740800.0,0
2022-06-06 00:00:00,1869.0,1901.5,1835.24,1901.5,1710852,2370807616.0,0
2022-06-07 00:00:00,1882.75,1911.5,1879.0,1900.25,1315113,1860366720.0,0
2022-06-08 00:00:00,1900.25,1901.5,1881.5,1900.25,1145521,1613524960.0,0
2022-06-09 00:00:00,1897.75,1937.76,1892.75,1924.01,1632901,2339986704.0,0
2022-06-10 00:00:00,1912.75,1921.51,1896.5,1920.26,1346012,1914639696.0,0
2022-06-13 00:00:00,1902.75,1904.0,1865.25,1869.0,1547753,2163340112.0,0
2022-06-14 00:00:00,1843.99,1896.5,1843.99,1895.25,1151429,1602169904.0,0
2022-06-15 00:00:00,1892.75,2019.02,1887.75,1972.76,3413544,5010292736.0,0
2022-06-16 00:00:00,1972.76,1984.02,1932.76,1935.26,1332546,1939976256.0,0
2022-06-17 00:00:00,1920.26,1946.51,1905.25,1936.51,1053788,1513925920.0,0
2022-06-20 00:00:00,1935.26,1935.26,1912.75,1922.76,1032167,1479529792.0,0
2022-06-21 00:00:00,1922.76,1959.01,1909.0,1926.51,1321794,1905346064.0,0
2022-06-22 00:00:00,1925.26,1925.26,1890.25,1890.25,1056046,1498415776.0,0
2022-06-23 00:00:00,1891.5,1909.0,1887.75,1905.25,806028,1140899088.0,0
2022-06-24 00:00:00,1905.25,1911.5,1894.0,1909.0,866041,1227798688.0,0
2022-06-27 00:00:00,1910.25,1950.26,1907.75,1941.51,1497278,2166380432.0,0
2022-06-28 00:00:00,1939.01,1964.01,1931.51,1959.01,1125110,1638673248.0,0
2022-06-29 00:00:00,1961.51,1992.77,1949.01,1960.26,1266547,1865064672.0,0
2022-06-30 00:00:00,1959.01,2007.77,1949.01,2002.77,1548745,2304888688.0,0
2022-07-01 00:00:00,2005.27,2014.02,1985.27,1995.27,779243,1164030784.0,0
2022-07-04 00:00:00,1999.02,2002.77,1974.01,1997.77,834968,1241453408.0,0
2022-07-05 00:00:00,2004.02,2039.03,1982.77,1994.02,1115172,1674719024.0,0
2022-07-06 00:00:00,1984.02,1996.52,1937.76,1946.51,1043335,1520022512.0,0
2022-07-07 00:00:00,1947.76,1961.51,1927.76,1932.76,730161,1057696544.0,0
2022-07-08 00:00:00,1942.76,1961.51,1926.51,1947.76,639698,928850352.0,0
2022-07-11 00:00:00,1942.76,1951.51,1925.26,1937.76,611692,883613760.0,0
2022-07-12 00:00:00,1931.51,1971.51,1927.76,1932.76,742882,1078431989.61,0
2022-07-13 00:00:00,1932.76,1939.01,1866.5,1876.5,2175996,3056913117.84,0
2022-07-14 00:00:00,1842.74,1843.99,1791.48,1801.49,2632121,3534578702.13,0
2022-07-15 00:00:00,1815.24,1825.24,1782.73,1785.23,1598637,2139915274.03,0
2022-07-18 00:00:00,1786.48,1810.24,1781.48,1803.99,1153506,1536340973.2,0
2022-07-19 00:00:00,1797.73,1808.99,1790.23,1807.74,755597,1008562417.24,0
2022-07-20 00:00:00,1808.99,1813.99,1798.98,1803.99,801459,1073936299.76,0
2022-07-21 00:00:00,1795.23,1797.73,1753.98,1756.48,1970388,2588696130.23,0
2022-07-22 00:00:00,1763.73,1774.98,1736.22,1759.98,1376510,1755555714.49,0
2022-07-25 00:00:00,1758.73,1764.98,1742.48,1761.23,763956,976071707.3,0
2022-07-26 00:00:00,1752.48,1772.48,1747.48,1772.48,1024049,1314310442.31,0
2022-07-27 00:00:00,1764.98,1768.73,1749.98,1757.48,923914,1182889760.74,0
2022-07-28 00:00:00,1759.98,1772.48,1756.23,1768.73,750347,964903657.66,0
2022-07-29 00:00:00,1768.73,1771.23,1739.97,1743.73,831497,1059518584.72,0
2022-08-01 00:00:00,1741.23,1741.23,1708.72,1711.22,1025733,1277987010.0,0
2022-08-02 00:00:00,1686.22,1701.22,1651.21,1691.22,1373009,1664397666.12,0
2022-08-03 00:00:00,1682.47,1692.47,1659.96,1662.46,746137,905653324.71,0
2022-08-04 00:00:00,1671.21,1679.96,1661.21,1678.71,602676,729351710.02,0
2022-08-05 00:00:00,1674.96,1699.97,1656.21,1697.47,765298,930836354.1,0
2022-08-08 00:00:00,1689.97,1703.72,1678.71,1683.72,552000,674950920.8,0
2022-08-09 00:00:00,1684.97,1686.22,1668.71,1673.71,558448,677098632.55,0
2022-08-10 00:00:00,1673.71,1688.72,1661.21,1666.21,683023,825806007.77,0
2022-08-11 00:00:00,1668.71,1707.47,1663.71,1702.47,1399304,1710719478.11,0
2022-08-12 00:00:00,1691.22,1709.97,1683.72,1706.22,820504,1010612433.4,0
2022-08-15 00:00:00,1694.97,1703.72,1669.96,1672.46,1172010,1425087455.23,0
2022-08-16 00:00:00,1672.46,1683.72,1671.21,1674.96,631224,765907218.72,0
2022-08-17 00:00:00,1677.46,1711.22,1667.46,1708.72,1348507,1656961619.36,0
2022-08-18 00:00:00,1718.72,1726.22,1678.71,1689.97,1269701,1560630567.7,0
2022-08-19 00:00:00,1692.47,1752.48,1687.47,1729.97,2106417,2653471090.1,0
2022-08-22 00:00:00,1731.22,1743.73,1709.97,1721.22,1138077,1423361878.69,0
2022-08-23 00:00:00,1714.97,1719.97,1693.72,1701.22,921463,1137300431.45,0
2022-08-24 00:00:00,1699.97,1726.22,1699.97,1708.72,1295375,1613309589.13,0
2022-08-25 00:00:00,1708.72,1741.23,1696.22,1736.22,1064011,1329230362.32,0
2022-08-26 00:00:00,1743.73,1752.48,1716.22,1734.97,927634,1168951099.46,0
2022-08-29 00:00:00,1721.22,1728.72,1697.47,1711.22,924491,1145189174.15,0
2022-08-30 00:00:00,1712.47,1726.22,1693.72,1718.72,799712,991447627.25,0
2022-08-31 00:00:00,1706.22,1756.23,1703.72,1752.48,1653042,2091408314.78,0
2022-09-01 00:00:00,1739.97,1757.48,1731.22,1734.97,861982,1092666276.97,0
2022-09-02 00:00:00,1736.22,1744.98,1712.47,1722.47,786363,983433862.85,0
2022-09-05 00:00:00,1716.22,1733.72,1704.97,1729.97,632040,788451088.8,0
2022-09-06 00:00:00,1731.22,1741.23,1712.47,1721.22,731295,914692183.62,0
2022-09-07 00:00:00,1711.22,1711.22,1693.72,1699.97,979813,1208329758.86,0
2022-09-08 00:00:00,1698.72,1713.72,1696.22,1703.72,621117,768913483.55,0
2022-09-09 00:00:00,1708.72,1751.23,1703.72,1748.73,1951297,2469131334.35,0
2022-09-13 00:00:00,1768.73,1786.23,1741.23,1777.48,1722690,2223707380.14,0
2022-09-14 00:00:00,1752.48,1767.48,1746.23,1749.98,858036,1095054828.69,0
2022-09-15 00:00:00,1758.73,1796.23,1754.98,1783.73,1841018,2393239453.41,0
2022-09-16 00:00:00,1773.73,1777.48,1728.72,1728.72,1357448,1719252822.13,0
2022-09-19 00:00:00,1726.22,1742.48,1718.72,1729.97,632121,793491306.11,0
2022-09-20 00:00:00,1734.97,1737.47,1698.72,1701.22,889989,1102212203.64,0
2022-09-21 00:00:00,1697.47,1718.72,1683.72,1712.47,684197,845477181.51,0
2022-09-22 00:00:00,1699.97,1703.72,1689.97,1694.97,586133,720058210.32,0
2022-09-23 00:00:00,1688.72,1712.47,1687.47,1694.97,586441,722703127.68,0
2022-09-26 00:00:00,1678.71,1693.72,1657.46,1658.71,903729,1094060839.05,0
2022-09-27 00:00:00,1658.71,1678.71,1634.96,1677.46,789622,946732993.84,0
2022-09-28 00:00:00,1669.96,1689.97,1648.71,1672.46,780926,946211766.9,0
2022-09-29 00:00:00,1689.97,1693.72,1636.21,1641.21,917718,1100405198.17,0
2022-09-30 00:00:00,1642.46,1653.71,1637.46,1638.71,537230,638906947.77,0
2022-10-10 00:00:00,1621.2,1629.96,1591.2,1592.45,966080,1119089730.68,0
2022-10-11 00:00:00,1601.2,1606.2,1584.95,1593.7,415253,476749226.5,0
2022-10-12 00:00:00,1589.95,1611.2,1577.45,1608.7,559572,641776508.91,0
2022-10-13 00:00:00,1597.45,1601.2,1572.45,1576.2,852616,970021739.4,0
2022-10-14 00:00:00,1589.95,1612.45,1583.7,1599.95,1096062,1265486550.33,0
2022-10-17 00:00:00,1586.2,1598.7,1576.2,1593.7,1024823,1171523550.16,0
2022-10-18 00:00:00,1602.45,1613.7,1591.2,1593.7,946837,1091646643.72,0
2022-10-19 00:00:00,1586.2,1594.95,1568.7,1569.95,923990,1049700767.19,0
2022-10-20 00:00:00,1562.44,1572.45,1553.69,1558.69,781923,876967150.61,0
2022-10-21 00:00:00,1559.94,1564.95,1542.44,1544.94,785574,876648490.61,0
2022-10-24 00:00:00,1544.94,1546.19,1484.93,1486.18,1383391,1496043940.13,0
2022-10-25 00:00:00,1496.18,1509.94,1483.68,1489.93,1316979,1406437766.06,0
2022-10-26 00:00:00,1488.68,1499.93,1484.93,1491.18,1143830,1220733277.85,0
2022-10-27 00:00:00,1496.18,1504.94,1491.18,1493.68,957383,1024868047.21,0
2022-10-28 00:00:00,1487.43,1496.18,1459.93,1461.18,1057947,1114999302.11,0
2022-10-31 00:00:00,1449.93,1464.93,1436.17,1451.18,983096,1016230012.22,0
2022-11-01 00:00:00,1456.18,1493.68,1453.68,1492.43,1381234,1459758367.32,0
2022-11-02 00:00:00,1484.93,1493.68,1468.68,1487.43,1302988,1377816220.13,0
2022-11-03 00:00:00,1476.18,1479.93,1456.18,1463.68,983536,1028904286.04,0
2022-11-04 00:00:00,1458.68,1514.94,1457.43,1511.19,1776112,1903720943.52,0
2022-11-07 00:00:00,1509.94,1522.44,1499.93,1518.69,988082,1070554832.9,0
2022-11-08 00:00:00,1519.94,1523.69,1506.19,1514.94,583222,632835804.82,0
2022-11-09 00:00:00,1513.69,1543.69,1511.19,1519.94,832107,911153622.45,0
2022-11-10 00:00:00,1507.44,1521.19,1494.93,1517.44,552021,596916589.27,0
2022-11-11 00:00:00,1549.94,1616.2,1534.94,1587.45,2545071,2878557391.61,0
2022-11-14 00:00:00,1621.2,1693.72,1621.2,1652.46,3872084,4637823413.97,0
2022-11-15 00:00:00,1641.21,1681.21,1637.46,1659.96,1573901,1891249648.05,0
2022-11-16 00:00:00,1654.96,1664.96,1632.46,1636.21,1278693,1519133931.85,0
2022-11-17 00:00:00,1634.96,1638.71,1606.2,1619.95,1091047,1273790880.66,0
2022-11-18 00:00:00,1626.21,1631.21,1604.95,1607.45,868093,1011078679.59,0
2022-11-21 00:00:00,1593.7,1596.2,1561.19,1591.2,1047737,1189388618.26,0
2022-11-22 00:00:00,1591.2,1649.96,1588.7,1636.21,1491324,1748727406.58,0
2022-11-23 00:00:00,1631.21,1664.96,1623.71,1636.21,1247657,1483352651.73,0
2022-11-24 00:00:00,1648.71,1657.46,1619.95,1629.96,796719,941002372.92,0
2022-11-25 00:00:00,1632.46,1687.47,1629.96,1679.96,1760728,2130171604.64,0
2022-11-28 00:00:00,1646.21,1648.71,1619.95,1634.96,1331563,1568351120.17,0
2022-11-29 00:00:00,1678.71,1782.48,1674.96,1782.48,4749277,6026006641.97,0
2022-11-30 00:00:00,1771.23,1826.24,1761.23,1787.48,3209628,4206404173.08,0
2022-12-01 00:00:00,1831.24,1866.25,1792.48,1796.23,2002689,2658203027.2,0
2022-12-02 00:00:00,1801.24,1802.49,1744.98,1771.23,1404203,1803658762.25,0
2022-12-05 00:00:00,1794.98,1854.99,1784.98,1849.99,2287627,3057231972.57,0
2022-12-06 00:00:00,1826.24,1866.25,1814.99,1837.49,1252579,1680593515.5,0
2022-12-07 00:00:00,1824.99,1829.99,1787.48,1802.49,1377377,1815667663.45,0
2022-12-08 00:00:00,1802.49,1848.74,1798.73,1828.74,1065723,1422047904.5,0
2022-12-09 00:00:00,1833.74,1877.5,1827.49,1871.25,1615832,2197501648.81,0
2022-12-12 00:00:00,1856.24,1856.24,1791.23,1797.48,1392584,1848277966.6,0
2022-12-13 00:00:00,1802.49,1828.74,1801.24,1813.74,902285,1194285343.09,0
2022-12-14 00:00:00,1812.49,1833.74,1793.73,1812.49,974061,1287867945.07,0
2022-12-15 00:00:00,1801.24,1818.74,1776.23,1796.23,835349,1094434005.98,0
2022-12-16 00:00:00,1786.23,1833.74,1786.23,1826.24,924252,1225269166.25,0
2022-12-19 00:00:00,1824.99,1842.49,1777.48,1788.73,1030866,1355435567.16,0
2022-12-20 00:00:00,1779.98,1793.73,1742.48,1753.73,896212,1150630681.38,0
2022-12-21 00:00:00,1764.98,1782.48,1751.23,1769.98,614590,791782473.29,0
2022-12-22 00:00:00,1783.73,1802.49,1771.23,1777.48,672394,876159828.48,0
2022-12-23 00:00:00,1764.98,1791.23,1758.73,1781.23,564426,730705958.53,0
2022-12-26 00:00:00,1782.48,1788.73,1747.48,1754.98,797120,1021903962.65,0
2022-12-27 00:00:00,1767.48,1811.24,1767.48,1797.48,886004,1160090119.01,0
2022-12-28 00:00:00,1803.74,1831.24,1783.73,1801.24,791192,1042402080.41,0
2022-12-29 00:00:00,1792.48,1799.99,1764.98,1787.48,666890,865144967.1,0
2022-12-30 00:00:00,1788.73,1818.74,1778.73,1803.74,818036,1074756753.75,0
2023-01-03 00:00:00,1808.74,1890.0,1789.98,1880.0,2194128,2971546989.04,0
2023-01-04 00:00:00,1872.5,1961.26,1862.5,1948.76,2189683,3110729449.03,0
2023-01-05 00:00:00,1958.76,2001.27,1955.01,1968.76,1665425,2417272355.99,0
2023-01-06 00:00:00,1971.26,1998.77,1968.76,1986.27,1195745,1747915169.26,0
2023-01-09 00:00:00,2002.52,2018.77,1973.76,2008.77,1057659,1561368487.3,0
2023-01-10 00:00:00,2003.77,2020.02,1957.51,1963.76,1269423,1851093716.76,0
2023-01-11 00:00:00,1965.01,2006.27,1957.51,1992.52,830566,1217450811.64,0
2023-01-12 00:00:00,2005.02,2005.02,1975.01,1992.52,625695,914367699.65,0
2023-01-13 00:00:00,1992.52,2027.52,1977.52,2027.52,949086,1407181074.29,0
2023-01-16 00:00:00,2027.52,2068.78,2015.02,2043.78,1560040,2356399992.83,0
2023-01-17 00:00:00,2050.03,2056.28,2005.02,2030.02,935835,1396151514.52,0
2023-01-18 00:00:00,2027.52,2056.28,2022.52,2047.53,718434,1083362997.53,0
2023-01-19 00:00:00,2050.03,2065.03,2017.52,2045.03,641875,963744633.47,0
2023-01-20 00:00:00,2053.78,2063.78,2033.77,2050.03,608590,920144805.73,0
2023-01-30 00:00:00,2108.79,2126.29,2020.02,2052.53,1374318,2096867649.37,0
2023-01-31 00:00:00,2063.78,2097.54,2028.77,2032.52,1030498,1568639326.21,0
2023-02-01 00:00:00,2037.53,2043.78,1972.51,1996.27,1653421,2426471972.52,0
2023-02-02 00:00:00,2001.27,2006.27,1942.51,1983.77,1577900,2280744883.13,0
2023-02-03 00:00:00,1965.01,1977.52,1928.76,1948.76,1246383,1782105890.79,0
2023-02-06 00:00:00,1921.26,1925.01,1891.25,1908.75,1317610,1838428709.03,0
2023-02-07 00:00:00,1916.25,1948.76,1912.5,1935.01,869460,1235297762.54,0
2023-02-08 00:00:00,1938.76,1948.76,1912.5,1913.75,657893,928708933.85,0
2023-02-09 00:00:00,1910.0,1946.26,1903.75,1925.01,830350,1174361963.28,0
2023-02-10 00:00:00,1921.26,1923.76,1891.25,1906.25,847284,1184283386.2,0
2023-02-13 00:00:00,1901.25,1901.25,1858.74,1886.25,1800054,2473405202.92,0
2023-02-14 00:00:00,1890.0,1906.25,1883.75,1903.75,909937,1263892077.72,0
2023-02-15 00:00:00,1902.5,1903.75,1861.25,1867.5,1250244,1713566672.72,0
2023-02-16 00:00:00,1868.75,1897.5,1846.24,1858.74,1279123,1757431083.85,0
2023-02-17 00:00:00,1862.5,1873.75,1837.49,1837.49,918364,1246777397.11,0
2023-02-20 00:00:00,1846.24,1927.51,1844.99,1927.51,2116191,2945969773.39,0
2023-02-21 00:00:00,1916.25,1933.76,1898.75,1921.26,990495,1393153377.3,0
2023-02-22 00:00:00,1908.75,1923.76,1901.25,1911.25,638922,895742534.31,0
2023-02-23 00:00:00,1908.75,1948.76,1906.25,1915.0,824491,1165539851.19,0
2023-02-24 00:00:00,1911.25,1912.5,1883.75,1891.25,729989,1012652971.88,0
2023-02-27 00:00:00,1877.5,1893.75,1868.75,1870.0,621462,854854040.54,0
2023-02-28 00:00:00,1877.5,1890.0,1860.0,1881.25,607936,833316018.45,0
2023-03-01 00:00:00,1883.75,1932.51,1876.25,1930.01,1223452,1719710647.06,0
2023-03-02 00:00:00,1925.01,1963.76,1916.25,1938.76,1015877,1447565979.98,0
2023-03-03 00:00:00,1952.51,1955.01,1926.26,1945.01,690954,985552120.63,0
2023-03-06 00:00:00,1946.26,1946.26,1873.75,1890.0,1455824,2023954547.2,0
2023-03-07 00:00:00,1890.0,1921.26,1865.0,1870.0,1279266,1773654737.03,0
2023-03-08 00:00:00,1862.5,1863.75,1833.74,1849.99,1096898,1479838980.07,0
2023-03-09 00:00:00,1851.24,1856.24,1799.99,1808.74,1736065,2305765842.21,0
2023-03-10 00:00:00,1783.73,1817.49,1783.73,1801.24,856996,1128558359.5,0
2023-03-13 00:00:00,1798.73,1819.99,1783.73,1789.98,1000635,1309490079.38,0
2023-03-14 00:00:00,1782.48,1783.73,1749.98,1767.48,1149076,1474124198.86,0
2023-03-15 00:00:00,1789.98,1806.24,1776.23,1789.98,979364,1278262225.47,0
2023-03-16 00:00:00,1769.98,1787.48,1758.73,1761.23,916792,1182054433.62,0
2023-03-17 00:00:00,1782.48,1788.73,1739.97,1752.48,1556814,2000832407.83,0
2023-03-20 00:00:00,1753.73,1764.98,1727.47,1729.97,1188816,1505893658.68,0
2023-03-21 00:00:00,1739.97,1756.23,1721.22,1746.23,840743,1060914056.37,0
2023-03-22 00:00:00,1752.48,1768.73,1747.48,1757.48,876691,1121080753.38,0
2023-03-23 00:00:00,1746.23,1771.23,1737.47,1771.23,804306,1029380497.27,0
2023-03-24 00:00:00,1764.98,1766.23,1753.73,1761.23,621519,796319541.97,0
2023-03-27 00:00:00,1758.73,1759.98,1716.22,1733.72,1008422,1266945056.03,0
2023-03-28 00:00:00,1741.23,1749.98,1727.47,1738.72,673868,851797868.56,0
2023-03-29 00:00:00,1749.98,1751.23,1721.22,1724.97,596064,750687550.55,0
2023-03-30 00:00:00,1727.47,1747.48,1709.97,1743.73,824546,1035422932.01,0
2023-03-31 00:00:00,1744.98,1754.98,1722.47,1724.97,865492,1092263436.9,0
2023-04-03 00:00:00,1727.47,1744.98,1716.22,1742.48,740429,934285179.24,0
2023-04-04 00:00:00,1738.72,1748.73,1732.47,1739.97,647457,817726526.95,0
2023-04-06 00:00:00,1733.72,1734.97,1721.22,1731.22,563321,706480659.58,0
2023-04-07 00:00:00,1729.97,1744.98,1721.22,1736.22,607925,767354796.52,0
2023-04-10 00:00:00,1738.72,1746.23,1731.22,1743.73,640182,809943147.62,0
2023-04-11 00:00:00,1746.23,1748.73,1723.72,1726.22,777780,978302907.79,0
2023-04-12 00:00:00,1731.22,1732.47,1714.97,1718.72,909957,1136997696.14,0
2023-04-13 00:00:00,1709.97,1742.48,1696.22,1728.72,1131591,1413919037.13,0
2023-04-14 00:00:00,1733.72,1771.23,1731.22,1744.98,1297995,1653539530.91,0
2023-04-17 00:00:00,1741.23,1776.23,1733.72,1774.98,1304213,1669357649.18,0
2023-04-18 00:00:00,1774.98,1808.74,1769.98,1783.73,1538936,2009934874.59,0
2023-04-19 00:00:00,1786.23,1792.48,1762.48,1764.98,1014378,1309536001.8,0
2023-04-20 00:00:00,1771.23,1771.23,1736.22,1752.48,811788,1033330703.78,0
2023-04-21 00:00:00,1746.23,1762.48,1718.72,1721.22,918668,1160509766.03,0
2023-04-24 00:00:00,1718.72,1721.22,1662.46,1671.21,1467672,1798133966.92,0
2023-04-25 00:00:00,1676.21,1704.97,1673.71,1693.72,1301901,1595320169.74,0
2023-04-26 00:00:00,1689.97,1689.97,1657.46,1673.71,991260,1197555724.16,0
2023-04-27 00:00:00,1666.21,1702.47,1658.71,1691.22,1004093,1222755932.37,0
2023-04-28 00:00:00,1691.22,1756.23,1686.22,1727.47,1445254,1816868032.98,0
2023-05-04 00:00:00,1708.72,1762.48,1682.47,1749.98,1478264,1863146144.16,0
2023-05-05 00:00:00,1756.23,1797.48,1752.48,1772.48,1762189,2283981032.07,0
2023-05-08 00:00:00,1776.23,1844.99,1763.73,1823.74,2630719,3478891629.35,0
2023-05-09 00:00:00,1833.74,1858.74,1799.99,1803.74,2422534,3238716470.97,0
2023-05-10 00:00:00,1804.99,1816.24,1758.73,1763.73,1237053,1600189994.17,0
2023-05-11 00:00:00,1777.48,1798.73,1758.73,1764.98,903758,1166479364.89,0
2023-05-12 00:00:00,1761.23,1767.48,1734.97,1736.22,885604,1124579090.54,0
2023-05-15 00:00:00,1743.73,1764.98,1714.97,1762.48,928326,1173804243.15,0
2023-05-16 00:00:00,1758.73,1773.73,1729.97,1736.22,998302,1267712090.05,0
2023-05-17 00:00:00,1731.22,1738.72,1713.72,1719.97,754621,945315193.07,0
2023-05-18 00:00:00,1729.97,1738.72,1712.47,1719.97,687187,861347534.32,0
2023-05-19 00:00:00,1712.47,1713.72,1698.72,1701.22,688414,851165593.52,0
2023-05-22 00:00:00,1697.47,1714.97,1697.47,1706.22,549328,679754868.04,0
2023-05-23 00:00:00,1706.22,1709.97,1684.97,1684.97,694364,852871175.23,0
2023-05-24 00:00:00,1683.72,1684.97,1659.96,1659.96,824251,996600577.63,0
2023-05-25 00:00:00,1657.46,1658.71,1634.96,1649.96,882744,1050002541.88,0
2023-05-26 00:00:00,1649.96,1674.96,1638.71,1671.21,511429,613772897.17,0
2023-05-29 00:00:00,1672.46,1674.96,1652.46,1656.21,566074,680275577.83,0
2023-05-30 00:00:00,1656.21,1657.46,1633.71,1642.46,763997,906316373.61,0
2023-05-31 00:00:00,1636.21,1638.71,1606.2,1608.7,1179587,1376758356.68,0
2023-06-01 00:00:00,1608.7,1618.7,1596.2,1607.45,743023,861646489.19,0
2023-06-02 00:00:00,1618.7,1654.96,1613.7,1649.96,1221843,1446502669.25,0
2023-06-05 00:00:00,1643.71,1658.71,1636.21,1647.46,521846,620531416.42,0
2023-06-06 00:00:00,1647.46,1669.96,1636.21,1638.71,833273,997039311.52,0
2023-06-07 00:00:00,1644.96,1667.46,1643.71,1651.21,643698,770386878.47,0
2023-06-08 00:00:00,1653.71,1683.72,1641.21,1673.71,869397,1048266235.89,0
2023-06-09 00:00:00,1666.21,1669.96,1639.96,1643.71,1315285,1566929273.97,0
2023-06-12 00:00:00,1636.21,1646.21,1628.71,1632.46,758747,896015708.76,0
2023-06-13 00:00:00,1628.71,1638.71,1619.95,1629.96,849988,1000183566.92,0
2023-06-14 00:00:00,1638.08,1660.59,1626.83,1628.08,1069200,1237376775.64,0
2023-06-15 00:00:00,1630.58,1648.08,1618.08,1645.58,925301,1064567231.22,0
2023-06-16 00:00:00,1645.58,1653.09,1640.58,1648.08,842034,978869317.29,0
2023-06-19 00:00:00,1648.08,1648.08,1620.58,1625.58,953997,1096351096.71,0
2023-06-20 00:00:00,1624.33,1626.83,1613.08,1614.33,544551,620374307.69,0
2023-06-21 00:00:00,1614.33,1629.33,1611.83,1613.08,616583,703681563.97,0
2023-06-26 00:00:00,1606.83,1606.83,1588.07,1591.82,676577,757975991.51,0
2023-06-27 00:00:00,1594.33,1609.33,1590.57,1604.33,461702,519520687.33,0
2023-06-28 00:00:00,1604.33,1610.58,1596.83,1606.83,365396,412039353.93,0
2023-06-29 00:00:00,1605.58,1605.58,1590.57,1591.82,485906,544534825.51,0
2023-06-30 00:00:00,1591.82,1608.08,1588.07,1598.08,519053,583494654.79,0
2023-07-03 00:00:00,1599.33,1635.58,1598.08,1630.58,885091,1009887428.65,0
2023-07-04 00:00:00,1626.83,1630.58,1609.33,1619.33,616301,701885269.78,0
2023-07-05 00:00:00,1614.33,1619.33,1606.83,1611.83,423482,479726282.47,0
2023-07-06 00:00:00,1606.83,1611.83,1595.58,1599.33,597096,672396816.4,0
2023-07-07 00:00:00,1594.33,1603.08,1591.82,1594.33,484441,543212455.87,0
2023-07-10 00:00:00,1600.58,1604.33,1590.57,1594.33,495882,556581581.65,0
2023-07-11 00:00:00,1596.83,1601.83,1593.08,1595.58,570809,640131787.1,0
2023-07-12 00:00:00,1598.08,1614.33,1596.83,1599.33,736084,830230820.88,0
2023-07-13 00:00:00,1609.33,1628.08,1603.08,1623.08,1124230,1281848378.91,0
2023-07-14 00:00:00,1623.08,1638.08,1619.33,1626.83,719147,825295738.24,0
2023-07-17 00:00:00,1620.58,1620.58,1601.83,1608.08,608343,687262893.86,0
2023-07-18 00:00:00,1605.58,1609.33,1596.83,1600.58,471966,531299772.68,0
2023-07-19 00:00:00,1598.08,1609.33,1598.08,1608.08,382196,430771279.03,0
2023-07-20 00:00:00,1610.58,1624.33,1605.58,1609.33,554070,629696111.29,0
2023-07-21 00:00:00,1608.08,1618.08,1604.33,1611.83,377103,427375950.49,0
2023-07-24 00:00:00,1610.58,1610.58,1599.33,1601.83,426852,480713395.7,0
2023-07-25 00:00:00,1625.58,1660.59,1624.33,1659.34,2032958,2358815159.63,0
2023-07-26 00:00:00,1650.58,1661.84,1639.33,1653.09,751663,875260135.14,0
2023-07-27 00:00:00,1654.34,1678.09,1650.58,1663.09,1115196,1314228293.84,0
2023-07-28 00:00:00,1655.59,1731.85,1653.09,1726.85,2347013,2839828236.62,0
2023-07-31 00:00:00,1731.85,1756.85,1723.1,1734.35,1854952,2288940410.58,0
2023-08-01 00:00:00,1726.85,1740.6,1710.59,1714.35,957735,1169570704.83,0
2023-08-02 00:00:00,1701.84,1724.35,1685.59,1698.09,1115900,1343864165.36,0
2023-08-03 00:00:00,1693.09,1740.6,1688.09,1735.6,1175848,1433255493.11,0
2023-08-04 00:00:00,1746.85,1760.6,1720.6,1731.85,1303131,1611435431.36,0
2023-08-07 00:00:00,1720.6,1725.6,1709.34,1714.35,646913,786506452.16,0
2023-08-08 00:00:00,1709.34,1720.6,1694.34,1706.84,725705,877489187.97,0
2023-08-09 00:00:00,1701.84,1719.35,1700.59,1715.6,577608,702060796.64,0
2023-08-10 00:00:00,1713.1,1720.6,1701.84,1714.35,475595,577123919.68,0
2023-08-11 00:00:00,1715.6,1728.1,1680.59,1680.59,943539,1132867239.31,0
2023-08-14 00:00:00,1664.34,1666.84,1643.08,1653.09,975920,1139185249.46,0
2023-08-15 00:00:00,1655.59,1669.34,1644.33,1660.59,712813,834163039.6,0
2023-08-16 00:00:00,1653.09,1675.59,1645.58,1660.59,572904,671706045.36,0
2023-08-17 00:00:00,1653.09,1656.84,1626.83,1640.58,965058,1116292661.67,0
2023-08-18 00:00:00,1641.83,1661.84,1635.58,1639.33,659819,767047286.89,0
2023-08-21 00:00:00,1639.33,1641.83,1609.33,1609.33,701498,799641423.76,0
2023-08-22 00:00:00,1616.83,1625.58,1608.08,1615.58,606808,689991238.06,0
2023-08-23 00:00:00,1613.08,1621.83,1599.33,1600.58,691810,783102827.23,0
2023-08-24 00:00:00,1605.58,1609.33,1575.57,1585.57,1291271,1439197083.69,0
2023-08-25 00:00:00,1581.82,1610.58,1579.32,1598.08,845350,946760250.6,0
2023-08-28 00:00:00,1674.34,1685.59,1630.58,1634.33,1997610,2336205800.56,0
2023-08-29 00:00:00,1628.08,1630.58,1585.57,1608.08,1964961,2217588610.12,0
2023-08-30 00:00:00,1603.08,1603.08,1585.57,1585.57,1375638,1537573550.57,0
2023-08-31 00:00:00,1586.82,1596.83,1584.32,1585.57,806474,900123574.83,0
2023-09-01 00:00:00,1593.08,1614.33,1593.08,1609.33,1138705,1285169019.19,0
2023-09-04 00:00:00,1613.08,1643.08,1610.58,1639.33,1410029,1621769196.4,0
2023-09-05 00:00:00,1631.83,1633.08,1614.33,1618.08,804177,917888858.57,0
2023-09-06 00:00:00,1610.58,1626.83,1606.83,1623.08,634841,721905681.98,0
2023-09-07 00:00:00,1619.33,1624.33,1609.33,1610.58,540042,613812175.91,0
2023-09-08 00:00:00,1604.33,1609.33,1598.08,1603.08,479030,539624962.82,0
2023-09-11 00:00:00,1606.83,1619.33,1603.08,1611.83,654486,741764911.22,0
2023-09-12 00:00:00,1613.08,1613.08,1600.58,1604.33,495485,559058535.52,0
2023-09-13 00:00:00,1605.58,1609.33,1595.58,1600.58,490218,551747627.68,0
2023-09-14 00:00:00,1604.33,1610.58,1600.58,1605.58,551650,622906052.62,0
2023-09-15 00:00:00,1613.08,1619.33,1594.33,1596.83,890476,1005529160.77,0
2023-09-18 00:00:00,1596.83,1599.33,1586.82,1598.08,501325,561449769.63,0
2023-09-19 00:00:00,1596.83,1598.08,1589.32,1595.58,503664,564044044.21,0
2023-09-20 00:00:00,1594.33,1596.83,1588.07,1588.07,558872,624785494.94,0
2023-09-21 00:00:00,1586.82,1586.82,1574.32,1575.57,843930,934673193.87,0
2023-09-22 00:00:00,1573.07,1600.58,1573.07,1599.33,911484,1017137921.82,0
2023-09-25 00:00:00,1599.33,1609.33,1593.08,1596.83,761211,856022502.11,0
2023-09-26 00:00:00,1596.83,1601.83,1586.82,1589.32,444980,497885810.84,0
2023-09-27 00:00:00,1588.07,1596.83,1588.07,1590.57,490311,547905820.77,0
2023-09-28 00:00:00,1593.08,1599.33,1591.82,1594.33,520697,583649730.04,0
2023-10-09 00:00:00,1589.32,1590.57,1576.82,1583.07,695828,772959353.15,0
2023-10-10 00:00:00,1593.08,1594.33,1571.82,1571.82,820749,910160341.9,0
2023-10-11 00:00:00,1580.57,1580.57,1564.32,1566.82,724116,797663827.0,0
2023-10-12 00:00:00,1583.07,1589.32,1574.32,1583.07,853058,947562324.75,0
2023-10-13 00:00:00,1573.07,1578.07,1563.07,1569.32,684483,753110725.51,0
2023-10-16 00:00:00,1569.32,1573.07,1563.07,1570.57,501624,550988719.63,0
2023-10-17 00:00:00,1570.57,1575.57,1564.32,1571.82,493525,543170900.73,0
2023-10-18 00:00:00,1568.07,1571.82,1558.07,1563.07,651825,713979896.11,0
2023-10-19 00:00:00,1558.07,1559.32,1518.06,1519.31,1188961,1271914676.53,0
2023-10-20 00:00:00,1513.06,1528.06,1508.06,1519.31,526139,557618632.37,0
2023-10-23 00:00:00,1518.06,1519.31,1498.06,1506.81,530404,557032228.65,0
2023-10-24 00:00:00,1511.81,1520.56,1499.31,1513.06,760653,801528403.67,0
2023-10-25 00:00:00,1508.06,1511.81,1489.31,1491.81,1411450,1470971923.59,0
2023-10-26 00:00:00,1483.06,1496.81,1481.81,1495.56,599991,621915276.9,0
2023-10-27 00:00:00,1491.81,1504.31,1485.56,1500.56,919771,957587534.43,0
2023-10-30 00:00:00,1494.31,1503.06,1488.06,1500.56,805690,837646002.04,0
2023-10-31 00:00:00,1498.06,1505.56,1495.56,1501.81,652855,682212137.64,0
2023-11-01 00:00:00,1513.06,1514.31,1500.56,1504.31,567300,595211885.0,0
2023-11-02 00:00:00,1506.81,1519.31,1503.06,1504.31,619430,652316669.93,0
2023-11-03 00:00:00,1505.56,1509.31,1498.06,1504.31,705463,738879704.3,0
2023-11-06 00:00:00,1508.06,1530.56,1508.06,1530.56,1007062,1069206837.68,0
2023-11-07 00:00:00,1526.81,1526.81,1516.81,1519.31,640866,679815569.19,0
2023-11-08 00:00:00,1516.81,1519.31,1500.56,1506.81,877819,923622008.11,0
2023-11-09 00:00:00,1501.81,1509.31,1498.06,1505.56,639136,669639052.44,0
2023-11-10 00:00:00,1500.56,1503.06,1480.56,1481.81,1045044,1080649733.98,0
2023-11-13 00:00:00,1483.06,1485.56,1471.8,1475.56,770043,789007117.83,0
2023-11-14 00:00:00,1474.3,1485.56,1473.05,1478.06,596859,613377697.97,0
2023-11-15 00:00:00,1490.56,1500.56,1486.81,1490.56,1109140,1152154780.34,0
2023-11-16 00:00:00,1491.81,1493.06,1473.05,1474.3,922622,948395097.33,0
2023-11-17 00:00:00,1471.8,1475.56,1459.3,1463.05,903362,917616681.28,0
2023-11-20 00:00:00,1463.05,1471.8,1456.8,1468.05,639528,650077370.01,0
2023-11-21 00:00:00,1473.05,1488.06,1471.8,1479.31,1041166,1072311504.28,0
2023-11-22 00:00:00,1476.81,1483.06,1461.8,1464.3,737490,753064757.94,0
2023-11-23 00:00:00,1463.05,1464.3,1453.05,1463.05,846656,855904311.98,0
2023-11-24 00:00:00,1458.05,1460.55,1454.3,1456.8,684695,691423444.34,0
2023-11-27 00:00:00,1455.55,1455.55,1440.55,1445.55,836188,836268368.75,0
2023-11-28 00:00:00,1443.05,1446.8,1438.05,1438.05,786175,784405804.65,0
2023-11-29 00:00:00,1438.05,1440.55,1406.79,1409.29,1467597,1438320264.11,0
2023-11-30 00:00:00,1405.54,1410.54,1396.79,1404.29,901765,871481712.43,0
2023-12-01 00:00:00,1400.54,1404.29,1391.79,1401.79,778057,749668363.85,0
2023-12-04 00:00:00,1403.04,1404.29,1395.54,1398.04,605438,583664338.41,0
2023-12-05 00:00:00,1395.54,1396.79,1378.04,1379.29,787378,750961219.91,0
2023-12-06 00:00:00,1374.29,1390.54,1369.29,1381.79,753056,714029468.7,0
2023-12-07 00:00:00,1380.54,1380.54,1366.79,1374.29,585380,552224831.17,0
2023-12-08 00:00:00,1370.54,1375.54,1356.79,1356.79,1021152,957664580.59,0
2023-12-11 00:00:00,1346.78,1366.79,1335.53,1363.04,1133663,1044765734.9,0
2023-12-12 00:00:00,1358.04,1381.79,1356.79,1371.79,855016,805067628.46,0
2023-12-13 00:00:00,1366.79,1368.04,1338.03,1339.28,1061302,981001231.48,0
2023-12-14 00:00:00,1345.53,1354.28,1338.03,1338.03,742901,683211465.8,0
2023-12-15 00:00:00,1344.28,1363.04,1343.03,1345.53,988939,915126127.17,0
2023-12-18 00:00:00,1341.78,1349.28,1330.53,1335.53,654426,599379044.02,0
2023-12-19 00:00:00,1334.28,1340.53,1328.03,1331.78,644071,586716664.28,0
2023-12-20 00:00:00,1333.03,1338.03,1323.03,1323.03,715634,650511342.87,0
2023-12-21 00:00:00,1320.53,1343.03,1318.03,1340.53,1017047,925407072.91,0
2023-12-22 00:00:00,1343.03,1354.28,1333.03,1344.28,1005645,924998769.19,0
2023-12-25 00:00:00,1341.78,1344.28,1336.78,1343.03,413971,379638233.73,0
2023-12-26 00:00:00,1343.03,1344.28,1328.03,1331.78,541896,493746622.76,0
2023-12-27 00:00:00,1331.78,1335.53,1321.78,1334.28,641534,582036660.68,0
2023-12-28 00:00:00,1333.03,1378.04,1329.28,1375.54,1661592,1550256590.59,0
2023-12-29 00:00:00,1371.79,1379.29,1363.04,1368.04,853853,803196743.82,0
2024-01-02 00:00:00,1368.04,1371.79,1345.53,1345.53,1158366,1075742252.45,0
2024-01-03 00:00:00,1343.03,1346.78,1338.03,1344.28,733610,673673613.54,0
2024-01-04 00:00:00,1343.03,1343.03,1329.28,1333.03,864194,787470082.37,0
2024-01-05 00:00:00,1331.78,1374.29,1328.03,1353.03,1991622,1852659692.14,0
2024-01-08 00:00:00,1348.03,1356.79,1333.03,1338.03,1121156,1029006548.73,0
2024-01-09 00:00:00,1339.28,1343.03,1330.53,1341.78,766194,700375720.2,0
2024-01-10 00:00:00,1339.28,1343.03,1330.53,1330.53,858621,783771150.01,0
2024-01-11 00:00:00,1329.28,1346.78,1323.03,1340.53,934686,853890237.29,0
2024-01-12 00:00:00,1335.53,1353.03,1333.03,1343.03,772582,711018266.07,0
2024-01-15 00:00:00,1339.28,1355.53,1335.53,1345.53,745133,685950951.45,0
2024-01-16 00:00:00,1343.03,1363.04,1339.28,1361.79,1438313,1334465408.53,0
2024-01-17 00:00:00,1360.54,1368.04,1348.03,1348.03,1482296,1380725065.03,0
2024-01-18 00:00:00,1345.53,1349.28,1319.28,1344.28,1755132,1597853726.63,0
2024-01-19 00:00:00,1339.28,1344.28,1331.78,1340.53,963981,881865023.89,0
2024-01-22 00:00:00,1339.28,1351.78,1324.28,1331.78,1580320,1449858241.68,0
2024-01-23 00:00:00,1325.53,1341.78,1314.28,1339.28,1135545,1030898421.04,0
2024-01-24 00:00:00,1348.03,1361.79,1328.03,1360.54,1759123,1620099272.06,0
2024-01-25 00:00:00,1360.54,1386.79,1353.03,1381.79,2162514,2037648413.07,0
2024-01-26 00:00:00,1378.04,1403.04,1374.29,1396.79,2272287,2172799799.01,0
2024-01-29 00:00:00,1405.54,1429.3,1391.79,1406.79,2376252,2312173346.33,0
2024-01-30 00:00:00,1395.54,1406.79,1380.54,1381.79,1579122,1515156603.96,0
2024-01-31 00:00:00,1376.79,1389.29,1366.79,1376.79,1357217,1286857396.81,0
2024-02-01 00:00:00,1370.54,1379.29,1361.79,1370.54,1055260,993481907.01,0
2024-02-02 00:00:00,1371.79,1378.04,1328.03,1353.03,1634214,1520605694.69,0
2024-02-05 00:00:00,1343.03,1373.04,1333.03,1366.79,1803592,1674566499.46,0
2024-02-06 00:00:00,1356.79,1404.29,1355.53,1404.29,1995410,1900324218.2,0
2024-02-07 00:00:00,1396.79,1403.04,1379.29,1395.54,2062015,1975435102.12,0
2024-02-08 00:00:00,1391.79,1403.04,1384.29,1403.04,1656814,1593505690.13,0
2024-02-19 00:00:00,1414.29,1420.55,1400.54,1420.55,1605243,1564088444.93,0
2024-02-20 00:00:00,1418.05,1424.3,1410.54,1421.8,1123564,1098987813.26,0
2024-02-21 00:00:00,1416.8,1544.32,1415.54,1544.32,5055285,5295259396.81,0
2024-02-22 00:00:00,1525.56,1558.07,1521.81,1556.82,4922325,5307736374.06,0
2024-02-23 00:00:00,1554.32,1599.33,1549.32,1550.57,3567480,3917316281.52,0
2024-02-26 00:00:00,1541.82,1554.32,1506.81,1510.56,2862609,3048205024.78,0
2024-02-27 00:00:00,1505.56,1519.31,1501.81,1506.81,1981905,2083027074.06,0
2024-02-28 00:00:00,1508.06,1531.81,1494.31,1505.56,3082693,3253340358.41,0
2024-02-29 00:00:00,1496.81,1518.06,1495.56,1518.06,1845344,1936020982.56,0
2024-03-01 00:00:00,1518.06,1519.31,1498.06,1505.56,1828103,1917689306.77,0
2024-03-04 00:00:00,1500.56,1506.81,1484.31,1485.56,1655930,1719562862.03,0
2024-03-05 00:00:00,1481.81,1503.06,1476.81,1498.06,1817319,1889144330.16,0
2024-03-06 00:00:00,1494.31,1500.56,1485.56,1485.56,1345640,1396940060.42,0
2024-03-07 00:00:00,1485.56,1524.31,1485.56,1491.81,2016166,2109589237.19,0
2024-03-08 00:00:00,1488.06,1499.31,1481.81,1491.81,1113974,1154491251.23,0
2024-03-11 00:00:00,1491.81,1503.06,1486.81,1503.06,1210673,1260212019.66,0
2024-03-12 00:00:00,1504.31,1518.06,1495.56,1514.31,1641262,1721999708.11,0
2024-03-13 00:00:00,1510.56,1513.06,1481.81,1485.56,1768039,1834654994.4,0
2024-03-14 00:00:00,1481.81,1491.81,1469.3,1473.05,1409400,1448499697.91,0
2024-03-15 00:00:00,1513.06,1538.07,1506.81,1519.31,3750208,3973799130.9,0
2024-03-18 00:00:00,1514.31,1520.56,1505.56,1511.81,1671397,1761249149.98,0
2024-03-19 00:00:00,1510.56,1511.81,1493.06,1494.31,1293216,1351069630.23,0
2024-03-20 00:00:00,1491.81,1503.06,1490.56,1500.56,872663,910278572.98,0
2024-03-21 00:00:00,1500.56,1509.31,1496.81,1503.06,864466,905422293.67,0
2024-03-22 00:00:00,1500.56,1500.56,1483.06,1489.31,1028142,1065535606.11,0
2024-03-25 00:00:00,1488.06,1505.56,1484.31,1494.31,953202,993304120.45,0
2024-03-26 00:00:00,1500.56,1526.81,1496.81,1519.31,1740021,1835376190.72,0
2024-03-27 00:00:00,1514.31,1523.06,1508.06,1510.56,1274136,1347397150.36,0
2024-03-28 00:00:00,1508.06,1515.56,1491.81,1505.56,1302189,1362980388.48,0
2024-03-29 00:00:00,1500.56,1515.56,1498.06,1509.31,872759,917332315.96,0
2024-04-01 00:00:00,1509.31,1525.56,1508.06,1524.31,1191088,1261770380.39,0
2024-04-02 00:00:00,1523.06,1529.31,1510.56,1513.06,1085458,1149700799.95,0
2024-04-03 00:00:00,1510.56,1513.06,1496.81,1501.81,981846,1028648883.43,0
2024-04-08 00:00:00,1496.81,1505.56,1490.56,1498.06,906361,945290441.32,0
2024-04-09 00:00:00,1498.06,1503.06,1489.31,1494.31,857157,891468991.01,0
2024-04-10 00:00:00,1491.81,1495.56,1478.06,1479.31,1246391,1288696196.29,0
2024-04-11 00:00:00,1474.3,1480.56,1459.3,1475.56,1010213,1030820137.39,0
2024-04-12 00:00:00,1471.8,1478.06,1449.3,1451.8,1305454,1322011753.93,0
2024-04-15 00:00:00,1453.05,1484.31,1451.8,1480.56,1453203,1486326196.01,0
2024-04-16 00:00:00,1479.31,1493.06,1471.8,1479.31,1478036,1523138499.07,0
2024-04-17 00:00:00,1476.81,1523.06,1470.55,1521.81,2232641,2337576586.88,0
2024-04-18 00:00:00,1516.81,1573.07,1514.31,1544.32,3165914,3427338981.81,0
2024-04-19 00:00:00,1533.06,1546.82,1526.81,1530.56,1457675,1562376146.58,0
2024-04-22 00:00:00,1524.31,1545.57,1500.56,1506.81,2009818,2125722741.41,0
2024-04-23 00:00:00,1508.06,1525.56,1501.81,1511.81,1240027,1308866093.13,0
2024-04-24 00:00:00,1509.31,1515.56,1501.81,1510.56,941568,989093538.21,0
2024-04-25 00:00:00,1506.81,1521.81,1504.31,1520.56,1113812,1176304524.86,0
2024-04-26 00:00:00,1518.06,1528.06,1504.31,1519.31,1607628,1698581436.96,0
2024-04-29 00:00:00,1514.31,1556.82,1509.31,1545.57,2169177,2337350883.73,0
2024-04-30 00:00:00,1544.32,1554.32,1535.57,1543.07,1324557,1431407709.37,0
2024-05-06 00:00:00,1564.32,1583.07,1549.32,1555.57,1784101,1953817493.43,0
2024-05-07 00:00:00,1553.07,1555.57,1539.32,1554.32,1087057,1176786412.82,0
2024-05-08 00:00:00,1549.32,1554.32,1533.06,1535.57,1221791,1318611999.65,0
2024-05-09 00:00:00,1533.06,1546.82,1533.06,1539.32,1069461,1150726857.51,0
2024-05-10 00:00:00,1540.57,1564.32,1539.32,1561.82,1767836,1923452176.84,0
2024-05-13 00:00:00,1556.82,1570.57,1545.57,1565.57,1402499,1530058919.54,0
2024-05-14 00:00:00,1569.32,1576.82,1554.32,1558.07,1075784,1176577328.23,0
2024-05-15 00:00:00,1556.82,1559.32,1545.57,1548.07,868297,942907950.5,0
2024-05-16 00:00:00,1550.57,1595.58,1548.07,1590.57,3076292,3410151917.15,0
2024-05-17 00:00:00,1591.82,1621.83,1585.57,1621.83,2841749,3200736554.36,0
2024-05-20 00:00:00,1623.08,1635.58,1608.08,1616.83,2170210,2475290152.11,0
2024-05-21 00:00:00,1609.33,1646.83,1608.08,1638.08,2030049,2336192874.97,0
2024-05-22 00:00:00,1639.33,1661.84,1626.83,1639.33,2115531,2458448969.66,0
2024-05-23 00:00:00,1635.58,1643.08,1615.58,1619.33,1841623,2110799281.76,0
2024-05-24 00:00:00,1615.58,1630.58,1606.83,1608.08,1398276,1593330336.42,0
2024-05-27 00:00:00,1608.08,1635.58,1608.08,1633.08,1454361,1663272117.57,0
2024-05-28 00:00:00,1631.83,1641.83,1614.33,1619.33,1204323,1377107203.91,0
2024-05-29 00:00:00,1616.83,1625.58,1598.08,1601.83,1444811,1635445613.13,0
2024-05-30 00:00:00,1599.33,1611.83,1576.82,1584.32,1325496,1481608711.02,0
2024-05-31 00:00:00,1586.82,1593.08,1583.07,1583.07,826707,921248145.59,0
2024-06-03 00:00:00,1584.32,1585.57,1558.07,1566.82,1326697,1456086023.62,0
2024-06-04 00:00:00,1563.07,1575.57,1558.07,1571.82,981005,1079356560.61,0
2024-06-05 00:00:00,1574.32,1578.07,1553.07,1553.07,1018968,1114155998.81,0
2024-06-06 00:00:00,1556.82,1566.82,1554.32,1556.82,1049332,1145989425.79,0
2024-06-07 00:00:00,1559.32,1570.57,1555.57,1568.07,1170126,1281662985.8,0
2024-06-11 00:00:00,1566.82,1571.82,1543.07,1553.07,1337629,1452841956.89,0
2024-06-12 00:00:00,1550.57,1558.07,1541.82,1554.32,957426,1037927497.39,0
2024-06-13 00:00:00,1555.57,1560.57,1544.32,1544.32,1203508,1304403407.05,0
2024-06-14 00:00:00,1552.94,1562.94,1532.94,1556.69,1637990,1657433954.94,0
2024-06-17 00:00:00,1550.44,1554.19,1544.19,1546.69,681217,688669914.12,0
2024-06-18 00:00:00,1547.94,1554.19,1539.19,1544.19,700653,707829471.51,0
2024-06-19 00:00:00,1546.69,1560.44,1544.19,1552.94,796184,807676192.22,0
2024-06-20 00:00:00,1554.19,1555.44,1540.44,1540.44,629628,635070262.4,0
2024-06-21 00:00:00,1540.44,1545.44,1527.94,1534.19,830545,831176895.42,0
2024-06-24 00:00:00,1530.44,1542.94,1519.19,1531.69,947082,944907465.65,0
2024-06-25 00:00:00,1532.94,1550.44,1531.69,1544.19,769993,775332071.89,0
2024-06-26 00:00:00,1541.69,1550.44,1536.69,1544.19,628599,633763882.09,0
2024-06-27 00:00:00,1541.69,1560.44,1534.19,1550.44,928882,938954397.5,0
2024-06-28 00:00:00,1546.69,1566.7,1545.44,1552.94,918090,933947813.42,0
2024-07-01 00:00:00,1545.44,1577.95,1539.19,1577.95,1343051,1372549619.58,0
2024-07-02 00:00:00,1571.7,1594.2,1569.2,1584.2,1384386,1440864390.61,0
2024-07-03 00:00:00,1584.2,1587.95,1570.45,1572.95,713067,737326421.16,0
2024-07-04 00:00:00,1571.7,1581.7,1565.45,1566.7,735044,757464386.79,0
2024-07-05 00:00:00,1566.7,1570.45,1524.19,1530.44,1713354,1721256576.49,0
2024-07-08 00:00:00,1526.69,1536.69,1515.44,1525.44,868660,864791776.33,0
2024-07-09 00:00:00,1526.69,1546.69,1522.94,1542.94,1032485,1034316510.76,0
2024-07-10 00:00:00,1542.94,1559.19,1540.44,1551.69,873865,886626727.3,0
2024-07-11 00:00:00,1560.44,1562.94,1542.94,1550.44,721392,731789332.33,0
2024-07-12 00:00:00,1549.19,1572.95,1549.19,1572.95,1214164,1246877665.6,0
2024-07-15 00:00:00,1572.95,1577.95,1566.7,1575.45,869412,896975833.16,0
2024-07-16 00:00:00,1575.45,1580.45,1564.2,1571.7,943008,971564894.83,0
2024-07-17 00:00:00,1571.7,1586.7,1569.2,1584.2,1220168,1266412580.0,0
2024-07-18 00:00:00,1581.7,1587.95,1571.7,1585.45,1087061,1127365070.67,0
2024-07-19 00:00:00,1581.7,1586.7,1570.45,1580.45,898723,929722661.62,0
2024-07-22 00:00:00,1579.2,1581.7,1557.94,1562.94,994481,1018663805.8,0
2024-07-23 00:00:00,1565.45,1575.45,1554.19,1556.69,1020154,1046994471.4,0
2024-07-24 00:00:00,1556.69,1564.2,1549.19,1550.44,724518,736332832.11,0
2024-07-25 00:00:00,1549.19,1552.94,1534.19,1545.44,856404,861750365.54,0
2024-07-26 00:00:00,1546.69,1549.19,1530.44,1537.94,929552,931879546.46,0
2024-07-29 00:00:00,1536.69,1551.69,1530.44,1547.94,781552,788019058.61,0
2024-07-30 00:00:00,1546.69,1550.44,1537.94,1544.19,613268,618056610.32,0
2024-07-31 00:00:00,1544.19,1569.2,1542.94,1567.95,1096906,1117768674.7,0
2024-08-01 00:00:00,1565.45,1574.2,1555.44,1567.95,733884,752688220.0,0
2024-08-02 00:00:00,1561.69,1565.45,1550.44,1551.69,590229,601173370.84,0
2024-08-05 00:00:00,1547.94,1561.69,1540.44,1540.44,758979,768980624.53,0
2024-08-06 00:00:00,1542.94,1549.19,1520.44,1525.44,1265537,1261997756.88,0
2024-08-07 00:00:00,1527.94,1531.69,1522.94,1525.44,517608,514848813.1,0
2024-08-08 00:00:00,1524.19,1531.69,1521.69,1526.69,500411,497548149.01,0
2024-08-09 00:00:00,1529.19,1546.69,1526.69,1539.19,730274,732886455.92,0
2024-08-12 00:00:00,1536.69,1540.44,1531.69,1535.44,353013,353251351.4,0
2024-08-13 00:00:00,1536.69,1537.94,1524.19,1527.94,622077,620061491.92,0
2024-08-14 00:00:00,1526.69,1531.69,1522.94,1524.19,436380,433380446.81,0
2024-08-15 00:00:00,1524.19,1541.69,1517.94,1537.94,776247,775851460.98,0
2024-08-16 00:00:00,1544.19,1560.44,1540.44,1550.44,1260368,1277042000.97,0
2024-08-19 00:00:00,1550.44,1571.7,1549.19,1570.45,1482985,1520594687.55,0
2024-08-20 00:00:00,1574.2,1587.95,1569.2,1576.7,1569187,1623147686.36,0
2024-08-21 00:00:00,1571.7,1581.7,1560.44,1577.95,1034888,1068207868.15,0
2024-08-22 00:00:00,1576.7,1590.45,1574.2,1581.7,1109030,1153871815.8,0
2024-08-23 00:00:00,1582.95,1596.7,1574.2,1592.95,1071906,1117475768.18,0
2024-08-26 00:00:00,1596.7,1602.95,1586.7,1595.45,740675,775921848.78,0
2024-08-27 00:00:00,1592.95,1599.2,1580.45,1587.95,723137,755583764.04,0
2024-08-28 00:00:00,1585.45,1587.95,1569.2,1575.45,942548,973872155.01,0
2024-08-29 00:00:00,1572.95,1581.7,1547.94,1550.44,1197676,1221351092.13,0
2024-08-30 00:00:00,1547.94,1566.7,1547.94,1554.19,1294059,1318858687.52,0
2024-09-02 00:00:00,1549.19,1560.44,1545.44,1547.94,968836,983898750.95,0
2024-09-03 00:00:00,1547.94,1550.44,1534.19,1544.19,916581,920884663.15,0
2024-09-04 00:00:00,1540.44,1552.94,1534.19,1536.69,847992,852224669.89,0
2024-09-05 00:00:00,1537.94,1544.19,1531.69,1542.94,594209,595845842.53,0
2024-09-06 00:00:00,1541.69,1560.44,1540.44,1544.19,878865,891507833.61,0
2024-09-09 00:00:00,1540.44,1542.94,1514.19,1515.44,1639175,1624857668.46,0
2024-09-10 00:00:00,1516.69,1524.19,1506.69,1521.69,767901,756124763.92,0
2024-09-11 00:00:00,1519.19,1519.19,1487.93,1490.43,1108727,1078602467.68,0
2024-09-12 00:00:00,1490.43,1505.44,1485.43,1501.68,581834,564923215.58,0
2024-09-13 00:00:00,1500.43,1511.69,1496.68,1496.68,566462,553269703.6,0
2024-09-18 00:00:00,1499.18,1506.69,1491.68,1505.44,443611,431665627.32,0
2024-09-19 00:00:00,1507.94,1514.19,1494.18,1510.44,684293,669341181.7,0
2024-09-20 00:00:00,1510.44,1521.69,1506.69,1521.69,797297,785121198.91,0
2024-09-23 00:00:00,1520.44,1545.44,1517.94,1539.19,896908,897428029.52,0
2024-09-24 00:00:00,1547.94,1580.45,1544.19,1580.45,1638213,1678174481.91,0
2024-09-25 00:00:00,1599.2,1621.7,1590.45,1596.7,2160694,2285995369.39,0
2024-09-26 00:00:00,1596.7,1677.96,1596.7,1677.96,3086457,3341759455.52,0
2024-09-27 00:00:00,1702.97,1729.22,1662.96,1711.72,3840016,4337985142.5,0
2024-09-30 00:00:00,1736.72,1821.74,1729.22,1810.49,5430284,6467438837.7,0
2024-10-08 00:00:00,1963.01,1963.01,1826.74,1894.25,5888978,7602664023.92,0
2024-10-09 00:00:00,1863.0,1863.0,1741.73,1744.23,4269345,5172049702.23,0
2024-10-10 00:00:00,1767.48,1847.49,1764.98,1812.49,3426422,4095573500.64,0
2024-10-11 00:00:00,1814.99,1836.24,1762.48,1779.98,2070891,2455848197.41,0
2024-10-14 00:00:00,1812.49,1837.49,1788.73,1817.49,2400595,2881934271.85,0
2024-10-15 00:00:00,1807.49,1843.74,1799.99,1802.49,2072841,2500974426.85,0
2024-10-16 00:00:00,1789.98,1837.49,1786.23,1822.49,1914494,2301340929.27,0
2024-10-17 00:00:00,1823.74,1843.74,1806.24,1808.74,1653708,1993261646.25,0
2024-10-18 00:00:00,1803.74,1837.49,1774.98,1819.99,2604654,3105820972.95,0
2024-10-21 00:00:00,1807.49,1807.49,1768.73,1791.23,2806655,3302020181.42,0
2024-10-22 00:00:00,1784.98,1806.24,1779.98,1788.73,1617787,1908438724.93,0
2024-10-23 00:00:00,1792.48,1801.24,1783.73,1797.48,1511866,1787236762.42,0
2024-10-24 00:00:00,1791.23,1797.48,1779.98,1783.73,885299,1042818619.09,0
2024-10-25 00:00:00,1786.23,1787.48,1776.23,1778.73,1105755,1296844369.04,0
2024-10-28 00:00:00,1774.98,1774.98,1756.23,1769.98,1169487,1356008963.4,0
2024-10-29 00:00:00,1767.48,1782.48,1756.23,1757.48,1198025,1391150258.93,0
2024-10-30 00:00:00,1752.48,1762.48,1723.72,1729.97,1482403,1686501657.86,0
2024-10-31 00:00:00,1731.22,1744.98,1719.97,1737.47,1250205,1419624319.27,0
2024-11-01 00:00:00,1737.47,1758.73,1732.47,1743.73,1589811,1821423447.06,0
2024-11-04 00:00:00,1743.73,1747.48,1722.47,1747.48,1131516,1285874126.16,0
2024-11-05 00:00:00,1742.48,1772.48,1738.72,1771.23,1665418,1925260700.35,0
2024-11-06 00:00:00,1767.48,1769.98,1748.73,1758.73,1462286,1689977500.77,0
2024-11-07 00:00:00,1752.48,1806.24,1749.98,1803.74,2242844,2627007560.71,0
2024-11-08 00:00:00,1807.49,1816.24,1777.48,1779.98,1895104,2239060533.97,0
2024-11-11 00:00:00,1768.73,1774.98,1748.73,1764.98,1486952,1717961561.94,0
2024-11-12 00:00:00,1762.48,1794.98,1753.73,1757.48,1717663,2005791407.67,0
2024-11-13 00:00:00,1752.48,1777.48,1749.98,1766.23,1086263,1260161857.32,0
2024-11-14 00:00:00,1763.73,1777.48,1756.23,1757.48,1159783,1348378228.97,0
2024-11-15 00:00:00,1752.48,1766.23,1742.48,1744.98,1215784,1399308729.48,0
2024-11-18 00:00:00,1768.73,1819.99,1767.48,1783.73,3797324,4493249093.24,0
2024-11-19 00:00:00,1783.73,1809.99,1758.73,1774.98,2430037,2849661696.39,0
2024-11-20 00:00:00,1773.73,1783.73,1766.23,1769.98,1286572,1498818033.91,0
2024-11-21 00:00:00,1767.48,1771.23,1759.98,1763.73,883408,1023998431.68,0
2024-11-22 00:00:00,1763.73,1766.23,1724.97,1724.97,1625317,1858071592.39,0
2024-11-25 00:00:00,1724.97,1732.47,1707.47,1712.47,1166020,1310130629.11,0
2024-11-26 00:00:00,1712.47,1728.72,1707.47,1723.72,831078,933733854.73,0
2024-11-27 00:00:00,1719.97,1738.72,1708.72,1738.72,895178,1010001963.81,0
2024-11-28 00:00:00,1738.72,1742.48,1729.97,1732.47,733169,833121339.08,0
2024-11-29 00:00:00,1736.22,1747.48,1732.47,1737.47,1028488,1173316153.6,0
2024-12-02 00:00:00,1738.72,1739.97,1728.72,1738.72,975434,1108785597.4,0
2024-12-03 00:00:00,1736.22,1752.48,1733.72,1751.23,1082559,1236992678.1,0
2024-12-04 00:00:00,1744.98,1756.23,1736.22,1747.48,1007471,1154623369.68,0
2024-12-05 00:00:00,1744.98,1752.48,1741.23,1744.98,687109,786137963.74,0
2024-12-06 00:00:00,1744.98,1777.48,1743.73,1772.48,1726269,2004270465.79,0
2024-12-09 00:00:00,1768.73,1779.98,1763.73,1773.73,964063,1123441854.9,0
2024-12-10 00:00:00,1802.49,1808.74,1783.73,1788.73,2167807,2564600676.79,0
2024-12-11 00:00:00,1788.73,1793.73,1779.98,1781.23,967691,1138374174.98,0
2024-12-12 00:00:00,1781.23,1798.73,1778.73,1796.23,986235,1164062448.23,0
2024-12-13 00:00:00,1788.73,1789.98,1759.98,1759.98,1343793,1565589089.36,0
2024-12-16 00:00:00,1759.98,1772.48,1756.23,1761.23,805718,934226189.29,0
2024-12-17 00:00:00,1761.23,1771.23,1754.98,1756.23,802120,929225455.3,0
2024-12-18 00:00:00,1762.48,1782.48,1761.23,1771.23,1016590,1186285805.48,0
2024-12-19 00:00:00,1763.73,1769.98,1757.48,1763.73,697379,808465663.92,0
2024-12-20 00:00:00,1763.73,1777.48,1762.48,1767.48,714646,831437460.3,0
2024-12-23 00:00:00,1769.98,1794.98,1769.98,1781.23,1659405,1953519499.07,0
2024-12-24 00:00:00,1779.98,1798.73,1779.98,1797.48,1350837,1595698790.02,0
2024-12-25 00:00:00,1797.48,1817.49,1794.98,1804.99,1475283,1759956630.34,0
2024-12-26 00:00:00,1804.99,1806.24,1787.48,1797.48,1000075,1183745518.53,0
2024-12-27 00:00:00,1798.73,1802.49,1772.48,1793.73,1290012,1518383345.11,0
2024-12-30 00:00:00,1787.48,1811.24,1787.48,1808.74,1351846,1610892096.25,0
2024-12-31 00:00:00,1806.24,1813.74,1777.48,1777.48,1475367,1747242074.23,0
