timestamp,close,rolling_std_30d,rsi_14,macd,bb_upper,auto_close__maximum,rolling_std_20d,rolling_std_10d,涨跌额,macd_hist,volume_roc_5d,kurtosis_20d,volume_change,volume_roc_10d,volume_ratio_20d,skewness_20d
2023-03-27 00:00:00+00:00,1733.72,1.0176772875492779,-0.560261988605936,-2.273238419737288,0.9239072568241754,1.7070655607409964,1.4511542411655312,-0.04800344563075403,-0.3379139445821131,-0.3786590929085086,-0.9041165057270036,-0.028213722819650146,-0.644477851183219,-0.2557846750329153,-0.5220277847037096,-0.5449550915758119
2023-03-28 00:00:00+00:00,1738.72,1.1142985430381211,-0.9970262512400017,-2.3005895539324586,0.9094135355542154,1.7070655607409964,1.508163742811172,-0.08408018894968784,-1.1268303671998199,-0.39256125638500916,-0.20475487686573415,-0.11058181506919425,1.3949177573318376,0.09336411933528445,0.23337927659711516,-0.5281188085045465
2023-03-29 00:00:00+00:00,1724.97,1.1633076270977332,-0.8532027245223531,-2.2556121766054997,0.9171553145857787,1.7070655607409964,1.5091328451447823,-0.05947653603813284,0.3379139445821131,-0.2470028399151248,-0.27755576717176533,-0.03827230007089445,-0.895269236104639,-0.4272824809524798,-0.44449058437943234,-0.48623927946839646
2023-03-30 00:00:00+00:00,1743.73,1.258076096501827,-1.0732500417423414,-2.262034311189592,0.9180408613419621,1.7070655607409964,1.3616210240617912,-0.21013451780641001,-0.5068709168731697,-0.24189923997089338,-0.466965973310333,-0.4573274642466312,-0.3761614265394081,-0.39987450874862296,-0.5637588907493143,-1.1295270122629206
2023-03-31 00:00:00+00:00,1724.97,1.3129579485779153,-0.5172223556597375,-2.1221682196460416,0.7776457142041886,1.7070655607409964,1.0672031434457072,-0.2493542726018676,0.9578733949087633,0.07907749454371704,0.07077543314189269,-0.5314807817547011,0.8208684631807674,-0.04058571626728877,-0.07483259586692541,-1.0469789733694808
2023-04-03 00:00:00+00:00,1742.48,1.3982351976296998,-0.841404568002796,-2.0845066588669674,0.63374546809448,1.258635798569361,0.6413335949044401,-0.18594175541030253,-0.7325974318540213,0.11446042402445399,0.6429622626849557,-0.4728127221885389,0.020109620380402555,-0.46497789632598036,-0.004831843968089708,-0.8033717887500145
2023-04-04 00:00:00+00:00,1739.97,1.343293344320663,-0.3356276234586715,-1.9192954724718154,0.664458209501855,1.095600073366076,0.35430065648713827,-0.22277545127745263,0.9015544041450778,0.41906851504972603,-0.38232730278378785,-0.8625931133794174,-0.4458566335997609,-0.38232097944041826,-0.20787603268769103,-0.5640990463593082
2023-04-06 00:00:00+00:00,1731.22,1.2827256437837993,-0.38393667977418844,-1.7708746088716645,0.6688337302594147,0.9324828303001894,0.07717818406646129,-0.22015271407007886,-0.0004505519261094745,0.6263832971970457,-0.02946074167996733,-0.833704098803152,-0.40041568553558043,-0.20033748807867002,-0.361161885236653,-0.739555289162613
2023-04-07 00:00:00+00:00,1736.22,1.2326891150476578,-0.5567876059400311,-1.6730941287979868,0.6581995690835066,0.5962216470684141,-0.17471071490591203,-0.2391052191638925,-0.2815949538184276,0.6825364358991775,-0.0539738291752872,-0.7725239922884132,-0.41093543456266984,-0.3579472243667753,-0.5116149676891406,-0.8363564833472534
2023-04-10 00:00:00+00:00,1743.73,1.1466210359092741,-0.3950493310152148,-1.5372301069599306,0.6286652330800016,0.5350832501171822,-0.2822577178998033,-0.4744122072885738,0.3379139445821131,0.8099566342308214,-0.37759358875769855,-0.9421596013684636,0.09095940900575258,-0.21796224460700592,-0.3194781910825145,-0.7317420588448973
2023-04-11 00:00:00+00:00,1726.22,1.0814214487703846,-0.14816916405997144,-1.358678886370405,0.6311710472265939,0.44329413682773283,-0.39720422710395187,-0.6603010231587335,0.45100247803559357,1.004363057323883,-0.37387187782093145,-0.9947822562541682,0.028274136776128937,0.12085339851438584,-0.2213535177201129,-0.9226735081250053
2023-04-12 00:00:00+00:00,1718.72,1.0582983817228995,-0.5420331703733525,-1.2922388911833291,0.6318004546947212,0.44329413682773283,-0.46626792971496794,-0.6262010795113628,-0.6762784410903357,0.9170295646044491,0.11014949274457957,-1.0481904625664027,0.4167628650784988,-0.1988753210880154,0.14258729847566792,-0.8755640154816741
2023-04-13 00:00:00+00:00,1728.72,1.0090072480924448,-0.7031354279200358,-1.2569726685503289,0.6350223022455718,0.44329413682773283,-0.45641800656906617,-0.5481742694097745,-0.22527596305474207,0.779633228186766,0.6630370406377468,-0.9444205651185175,0.30877943758408055,0.5166728096226333,0.5048145850036765,-0.9535757569821606
2023-04-14 00:00:00+00:00,1744.98,0.7941688177621579,-0.3417904197765561,-1.1461479553917577,0.6316916943207734,0.2904481444496531,-0.5830573494144023,-0.5645276602798504,0.5631899076368552,0.8333931817436517,1.6027507883771834,-0.9442841161637858,0.48547194716497044,1.1939451811550217,1.039512707633908,-1.0723248521957958
2023-04-17 00:00:00+00:00,1774.98,0.4767863380299121,0.21264748087355084,-0.9414790631054705,0.6760923566184047,0.2904481444496531,-0.6120811138969173,-0.5555805548991365,0.8452354133813923,1.0796891633103678,1.7995206855637194,-0.9469796726768357,0.2538492314251401,0.7932766308487023,1.384413354559613,-1.2185753716056402
2023-04-18 00:00:00+00:00,1783.73,0.028046204199989263,1.0901645417499002,-0.5868019371389325,0.9010154880441665,0.32101734292526907,-0.5419929570151337,-0.21676931640771807,1.4642937598558234,1.601678192807088,1.6470893974852439,-0.781980315662659,-0.08757140668521635,0.71012667541555,1.4473737298966185,-1.1266558957029695
2023-04-19 00:00:00+00:00,1764.98,-0.2482507960870528,1.3187755592843051,-0.24053409529544362,1.0936472637021346,0.3923454727017062,-0.4514296450823072,0.08797227465649535,0.5068709168731697,2.001052978004893,1.5557784966391772,-0.574061580215565,0.3328544251769971,1.416369936572267,1.953670604314642,-1.3360925502462002
2023-04-20 00:00:00+00:00,1752.48,-0.5073299521523139,0.7712100210740289,-0.06254752296748431,1.0820185425819775,0.3923454727017062,-0.4286184961102049,0.1464748075616763,-0.7321468799279117,1.95601697468504,0.21030936123590152,-0.701214967618405,-0.9171029996462067,0.7840304573937406,0.6506131815637295,-1.0406318948893027
2023-04-21 00:00:00+00:00,1721.22,-0.7385024475034074,0.43279185736347714,0.01741794168886352,1.0207366576304215,0.3923454727017062,-0.43411622144747986,0.11974672272823096,-0.45055192610948414,1.7076519679444981,-0.40858461308146854,-0.7253417684565417,-0.5783787677863856,0.6287829590416633,0.16909082921974725,-0.7561057350418496
2023-04-24 00:00:00+00:00,1671.21,-0.8077657888433125,-0.3093818318905033,-0.08793699401645409,1.1116576476616933,0.3923454727017062,-0.450748805216704,0.1927294548338388,-1.2957873394908763,1.1075134650887248,-0.423578730889191,-0.6347774269376766,0.2169067483164554,0.7153782929118279,0.41340406036229627,-0.7178817820989875
2023-04-25 00:00:00+00:00,1693.72,-0.7183475434355332,-1.20577530179491,-0.4448399359801619,1.238046467319331,0.3923454727017062,-0.25365402836393275,0.7366040570766782,-2.140572200946159,0.08249197914897838,0.22678405147051622,-0.08150165367537111,1.3351517120683694,1.6809908523116484,1.5714498226068134,-1.4872801862832516
2023-04-26 00:00:00+00:00,1673.71,-0.7057673761437886,-0.5420067502803403,-0.5787649201124624,1.0056760553433373,0.3923454727017062,-0.1817474437202692,0.8905900023828661,1.1268303671998199,-0.2545038044674175,-0.2083101096261927,0.08894136493436054,-0.3701362716509743,0.9164438737886172,1.1439276099939386,-1.7259042492895795
2023-04-27 00:00:00+00:00,1691.22,-0.6051116946613767,-0.8773640811192323,-0.7803709842099321,0.7720473795072643,0.3923454727017062,-0.05405416343048315,1.152253002077732,-0.7889164226177068,-0.6707131757941135,-0.003913592729725291,-0.14496944950935908,-0.6717055052415128,0.19415505991830362,0.4046997975054698,-1.4534323866321033
2023-04-28 00:00:00+00:00,1727.47,-0.6189133980112886,-0.38095915315339135,-0.8174821326856457,0.4420895946956982,0.3923454727017062,-0.0028824907597051453,1.2557814984881897,0.9015544041450778,-0.6473469524555137,0.40053581779246983,-0.14904765037353362,-0.06799832451758038,-0.05547981949904114,0.38619867697003907,-1.6859414156897898
2023-05-04 00:00:00+00:00,1749.98,-0.6339734174025963,0.5213893281010346,-0.6177953552031098,0.49125651400673404,0.3923454727017062,-0.008716582162630828,1.2312495863133375,1.745888713674251,-0.11569534755134772,0.9243421080236305,-0.18985247495633906,0.9553721134386728,0.22393898559539316,1.2477995308326837,-1.359121440196944
2023-05-05 00:00:00+00:00,1772.48,-0.6360613295917731,1.0065263683759296,-0.31367477088921375,0.7576812952966487,0.3923454727017062,0.002882490759705275,1.0905047205990062,1.1268303671998199,0.5358535178330321,0.042822178382038036,-0.10327172931601634,-0.04425309978864474,0.2486550887436524,1.2246723231782575,-1.649794318807486
2023-05-08 00:00:00+00:00,1823.74,-0.6025231977022305,1.450204837800522,0.068744047962529,1.0489871421970076,0.3923454727017062,0.05122130484467421,0.9930397749031763,1.1263798152737103,1.2267045468266158,0.5822321347982681,-0.14628363553663026,0.36187823985361034,0.26300994354084084,1.6347641013094323,-1.642376737245963
2023-05-09 00:00:00+00:00,1803.74,-0.43239986575753103,2.2927107897671726,0.6731239832316367,1.4489634201515667,0.7184984409708778,0.2721851798317802,1.564158112238172,2.4221671547645864,2.2602040634028278,2.607529653520295,-0.18630912608360053,1.083785864031493,2.052743996407717,2.895615155938981,-1.3210311200586702
2023-05-10 00:00:00+00:00,1763.73,-0.3530339185966315,1.8287177736077935,1.0357527665432444,1.4793680027687437,0.7184984409708778,0.3763394073183088,1.8531396788114598,-0.7884658706915972,2.5633152267054227,2.2317781050431975,-0.3076029397667397,-0.2889895495368074,2.5356104681188456,2.208664105167935,-1.2590201280540394
2023-05-11 00:00:00+00:00,1764.98,-0.36133838395282586,1.0045170256002962,1.0900606002740716,1.405983350176835,0.7184984409708778,0.3882324032751696,1.8886345334755752,-1.6900202748366748,2.1379102554229332,-0.19278690874540366,-0.5837050912627302,-1.2734884774597803,0.5120060782741855,0.19912950117125505,-1.1316116414300763
2023-05-12 00:00:00+00:00,1736.22,-0.35784093923563165,1.0273792060836717,1.1388649963896702,1.3772855345976005,0.7184984409708778,0.4005018511040433,1.631534841919179,0.16895697229105655,1.7856645700996907,-0.57371234776193,-0.5795954482555581,-0.7456735810168175,-0.39103558175280767,-0.3532732894993398,-1.078290369330321
2023-05-15 00:00:00+00:00,1762.48,-0.3583995836809137,0.47750170452969615,1.0106567062052314,1.4412730467941697,0.7184984409708778,0.39504833880862017,1.4521759105002516,-1.1831493579635053,1.1204179387253348,-0.7431751628202555,-0.6653602471429919,-0.14727618233710782,-0.3113794221549235,-0.388039658160198,-1.0523692449265731
2023-05-16 00:00:00+00:00,1736.22,-0.3489749415013086,0.985775605161043,1.0608325045189921,1.167045407757561,0.7184984409708778,0.38764108913316025,0.979726387858771,1.2957873394908763,0.9746414884860685,-0.9762993645427746,-0.7229825107557533,0.016705750383975055,0.005294878639431893,-0.3210945020506562,-1.2645960907382368
2023-05-17 00:00:00+00:00,1719.97,-0.35394737041404273,0.4976895236571069,0.948928545438025,0.9088502619620676,0.7184984409708778,0.3830290305718577,0.5961364457990659,-1.0705113764361343,0.5069183946228093,-0.8840794068436073,-0.8611003729784205,0.08183549537103121,0.07662111300549033,-0.20181057182976914,-1.0244445701376217
2023-05-18 00:00:00+00:00,1719.97,-0.34487469367116386,0.21402572720691518,0.7687340887864423,0.8971790190919969,0.7184984409708778,0.3978344959318228,0.6544505489283872,-0.6195088984005407,-0.015192963227872313,-0.5758138925985389,-0.8600778283815955,-0.6848805854289539,-0.5067452608774288,-0.5657971488681857,-0.7853732928853696
2023-05-19 00:00:00+00:00,1701.22,-0.3411742693031236,0.21402572720691518,0.6303031540419555,0.790138353305353,0.7184984409708778,0.38634554552462086,0.8021037403641467,0.11263798152737103,-0.3424126810059894,-0.3416442622771821,-0.6983570744808006,-0.3135294586077255,-0.5775215815827872,-0.6483490247844969,-0.6347127923127069
2023-05-22 00:00:00+00:00,1706.22,-0.31126001512524404,-0.12307927919432667,0.41861590141537364,0.8153820459163921,0.7184984409708778,0.3750938045639768,1.0368884510197034,-0.7321468799279117,-0.7628784438829179,-0.31521023563608075,-0.680007584159175,-0.09478302079380226,-0.6692131687336337,-0.6060747331141378,-0.4253024100029197
2023-05-23 00:00:00+00:00,1684.97,-0.29053647329305465,0.0001247144827740173,0.288182297574165,0.5740098549690593,0.7184984409708778,0.37640244877609225,0.68395044931088,0.3379139445821131,-0.9232370123016124,-0.6042764612467517,-0.6834857910852672,-0.583946273081424,-0.893919029601445,-0.8281736643134698,-0.6037986642416046
2023-05-24 00:00:00+00:00,1659.96,-0.2386798584620453,-0.3853984838984769,0.07231896169666945,0.4989019280251387,0.7184984409708778,0.42127758965226253,0.4746438421711792,-0.8447848614552828,-1.23658426318437,-0.44260223349800354,-0.7234018429895624,0.5345722700109203,-0.797764238311626,-0.5663201435854612,-0.5548580263021972
2023-05-25 00:00:00+00:00,1649.96,-0.13550907927085795,-0.796891616316143,-0.22958479911829915,0.5249081684023071,0.7184984409708778,0.5281245910558521,0.7314440866113331,-1.0141923856724488,-1.6736453609479833,0.17529351803336343,-0.6966794555565022,0.34986044871272143,-0.3286013648699146,-0.3302760105258499,-0.5506939820272534
2023-05-26 00:00:00+00:00,1671.21,-0.02215068132156164,-0.9525274953762565,-0.5093576189758021,0.431578282091308,0.7184984409708778,0.588477811307803,0.8533624505794672,-0.3379139445821131,-1.9753535444722448,0.4748052049946641,-0.7248817249498202,0.07124301733308916,0.055015700123051806,-0.1863613290457384,-0.27366082781302964
2023-05-29 00:00:00+00:00,1656.21,0.033360866256582224,-0.3611951557252009,-0.589345444219384,0.3357310293243126,0.7184984409708778,0.6292616658767974,0.8617199985866622,1.0700608245100247,-1.7839399646732714,-0.36883343960709974,-0.7149017206671081,-1.1085687117621685,-0.43834396668375597,-0.83075567283694,-0.26933436640993624
2023-05-30 00:00:00+00:00,1642.46,0.11205119572840425,-0.6213327999711737,-0.7198338892282837,0.12111423733698244,0.7184984409708778,0.6718080398944827,0.6006958029776157,-0.5631899076368552,-1.7402050274830212,0.07906120613052925,-0.6926529558081004,0.1573588965372407,-0.3984463312692522,-0.7067052431586025,-0.27954066727232757
2023-05-31 00:00:00+00:00,1608.7,0.21385061697582586,-0.8512823499833322,-0.8812309933048835,6.838232580799688e-05,0.7184984409708778,0.778869516727332,0.5358569720458437,-0.5068709168731697,-1.7721723233476083,0.1877715513247517,-0.5295343909950052,0.7400475757983515,-0.20627438631568612,-0.309140595987902,-0.0015244639529813702
2023-06-01 00:00:00+00:00,1607.45,0.38269221845183576,-1.3581037214719616,-1.1797872546709804,0.10431295914247396,0.7184984409708778,0.9956276966274844,0.7761456506831611,-1.4084253210182474,-2.0948643573960424,0.7030167024166607,-0.19111820210192185,1.2064179351257898,0.7796320894321869,0.5288044036810984,0.21712655740435366
2023-06-02 00:00:00+00:00,1649.96,0.4930344683182978,-1.3757871212019772,-1.3959167314249405,0.11192907851951153,0.7184984409708778,1.1542851681158688,0.7911654654263001,0.05631899076368552,-2.1744626614478655,-0.21493731731377036,0.21547510945961612,-0.9872804654060583,0.18415187002918612,-0.27972534276990063,0.44376283261235067
2023-06-05 00:00:00+00:00,1647.46,0.47614386215691257,-0.17047272414770315,-1.2939857404085622,-0.006626474542269727,0.7184984409708778,1.1363005420433674,0.6068695991970887,2.0279342194187877,-1.5491493722373684,2.1950487041155324,0.12080216414515185,1.4474992043924264,1.0412475120533355,0.7652150217195802,0.5614003201866988
2023-06-06 00:00:00+00:00,1638.71,0.4803409439994984,-0.21616409229183384,-1.2022120518478177,-0.05206688273573119,0.5554627157675928,0.923752102718025,0.271914882162458,0.0,-1.0709017879513878,-0.09010610543562922,0.48512030348860075,-1.4739950665373234,0.021927960084843306,-0.5742295095711244,0.5453707305083221
2023-06-07 00:00:00+00:00,1651.21,0.5036834791772941,-0.3809535554102907,-1.1552937466001574,-0.06534676421692061,0.23949948032362656,0.7394496101298077,0.07042871117377948,-0.2815949538184276,-0.7854707700663727,0.1728081822690384,0.48416497429469063,1.3331616839677654,0.3309515130459277,0.3450057720375442,0.47412617351229336
2023-06-08 00:00:00+00:00,1673.71,0.528853881254278,-0.028103953645454077,-1.0221580315140302,-0.031539785392411306,0.23949948032362656,0.6337784752964153,0.03730777747990841,0.6758278891642262,-0.3703592688071844,-0.6759871931120387,0.31309545280158796,-0.6450681172337968,-0.18693261065620603,-0.0801055480414988,0.3908614947314867
2023-06-09 00:00:00+00:00,1643.71,0.5271812038189729,0.5645132066993762,-0.7656278337310494,0.001194824777000427,0.21912001467321593,0.47548728851031824,0.1607223508436176,1.1263798152737103,0.22903068693779424,0.2964805228140715,-0.12939617248948349,0.7424166553089745,0.06506425875375564,0.5269531754421422,0.18244686002654262
2023-06-12 00:00:00+00:00,1632.46,0.5639933950618508,-0.06589866623097784,-0.7164973100268314,-0.0009645764816057879,0.21912001467321593,0.4077812778339294,0.051157926058031176,-1.2390177968010814,0.2592673824782916,0.1506927040771862,-0.14766273792732768,1.131785613178033,2.0259955040617954,1.6254634237489336,0.14388392360789323
2023-06-13 00:00:00+00:00,1629.96,0.6078111353856909,-0.2820856994052161,-0.7228647140332117,0.010549592875367384,0.005054107481302799,0.21964240832760334,0.025796093167745157,-0.3942329353457986,0.1632354969297013,0.7386295015350068,0.43831254894191496,-1.1145538244005915,0.5043382520784969,0.198220606970193,0.4928110948968092
2023-06-14 00:00:00+00:00,1628.08,0.6582790833769484,-0.3310690998226908,-0.7224486970871808,0.021193917387372613,-0.12741241924636626,0.09719325500760513,0.0361585217005242,0.0,0.1011044343092629,0.06282431393574439,0.5063728696186088,0.18952884755558075,0.22283053709147452,0.4590557276448899,0.4009777127866923
2023-06-15 00:00:00+00:00,1645.58,0.693034215108739,-0.37000631733666495,-0.7131663033714174,0.0018731338777178864,-0.12741241924636626,0.004475700127132814,-0.0932611321329955,0.02793421941878802,0.07060619013677749,1.0611226574940316,0.49281717605720987,0.5198743786582251,-0.03188989468319199,0.9856997627808316,0.27594745865659015
2023-06-16 00:00:00+00:00,1648.08,0.6730976172251465,0.17008199366810312,-0.5858746798907091,-0.2159390090672491,-0.2394994803236247,-0.14475787083735323,-0.32519882698546093,0.9011038522189683,0.30184265637338814,0.13173150819005205,0.10739842618782547,-0.4220645725936716,0.38688817192834246,0.5762458748045323,0.07279815464886759
2023-06-19 00:00:00+00:00,1625.58,0.6011662873805491,0.24593044705724512,-0.4536199686054771,-0.1897735152859527,-0.2394994803236247,-0.24570609727226703,-0.32947573609254543,0.22527596305474207,0.49758301602016636,-0.52881489876846,0.12289542376042532,-0.315035849708868,-0.30036738421566644,0.34264997479472203,-0.10130915489822187
2023-06-20 00:00:00+00:00,1614.33,0.38078712585681085,-0.28999490590695676,-0.46239008966296635,-0.18251605474289426,-0.412724938352115,-0.38314330333869173,-0.2696271840872162,-0.9011038522189683,0.34868316747598943,0.43237314226666373,0.09191889410388435,0.2200442381717402,1.1070523024324117,0.5693489567146177,0.08682165945641658
2023-06-21 00:00:00+00:00,1613.08,0.1967044542753083,-0.5359496295897365,-0.5170170554668656,-0.15203865749294226,-0.5045140516415644,-0.4305475343578981,-0.13819897423482172,-0.3942329353457986,0.1302268439090373,-0.5280891252093971,0.17345843325121404,-1.1290948177414797,-0.3444103382141708,-0.4342414670870869,0.07046390683677466
2023-06-26 00:00:00+00:00,1591.82,0.10632482052990046,-0.5636872066142523,-0.549586773010603,-0.13949925081690576,-0.5045140516415644,-0.413382711773087,-0.0695705882938196,0.05631899076368552,0.0032428444555230775,-0.6277375634887554,0.3269836343691014,0.21838941337944406,0.0316956530319976,-0.2346874056980074,-0.0010924569835901396
2023-06-27 00:00:00+00:00,1604.33,0.022150681321561356,-1.0175141658953684,-0.6792862604676715,-0.1740268527887895,-0.5045140516415644,-0.321404364270444,-0.108568559848759,-0.8452354133813923,-0.30874971714530736,-0.38707534106334807,0.192736045971388,0.13444697495588648,-0.1903121303144245,-0.061128560222985844,0.0027440570564947046
2023-06-28 00:00:00+00:00,1606.83,-0.031573004717717,-0.5525983584334899,-0.6898935331871199,-0.37362545220875276,-0.5045140516415644,-0.34247033473986493,-0.09126993602615978,0.6762784410903356,-0.3003627109767784,-0.6719069662042193,0.3994242458329786,-0.8612656351034258,-0.7181842184248608,-0.6088306960454813,0.04807965320989915
2023-06-29 00:00:00+00:00,1591.82,-0.2030038466736398,-0.4597765824300542,-0.6644938676051573,-0.46204422619946034,-0.5045140516415644,-0.34297497734135374,-0.0705300926116299,0.22527596305474207,-0.21565381812076348,-0.9293619091172932,0.3993567224641713,-0.5996676994516809,-0.5568639902706947,-0.8449933554542964,-0.12636651548802982
2023-06-30 00:00:00+00:00,1598.08,-0.2909107352248105,-0.8105889047175434,-0.7116147358277756,-0.49408121118151516,-0.5045140516415644,-0.28970142698191825,0.02594689045178545,-0.5636404595629646,-0.3049828153984374,-0.13615021115398324,0.37672070019099163,0.6924449360118109,-0.44554752857926905,-0.5088361096494618,-0.12171431167036752
2023-07-03 00:00:00+00:00,1630.58,-0.36681926461591435,-0.5613400109257503,-0.6930067732835017,-0.5593627555291533,-0.5045140516415644,-0.26796480482711627,0.04731070552091554,0.39468348727190805,-0.23406228837304682,-0.2147782993731288,0.595983312175178,0.06464767998212645,-0.5520682028453633,-0.36123049545013247,0.059744489569614284
2023-07-04 00:00:00+00:00,1619.33,-0.5038574751928439,0.5750207528029349,-0.4725948615420359,-0.37028645751875555,-0.5045140516415644,-0.2850380106453625,-0.06986053737146401,1.5769317413831945,0.25982777861701006,0.5115828958128695,-0.009368571918166313,1.593371857572086,0.030049287540281532,0.6286461693164395,-0.10816561049121849
2023-07-05 00:00:00+00:00,1611.83,-0.5943588489767612,0.26493654768767244,-0.34754696094356186,-0.328861782289228,-0.5045140516415644,-0.3040669760685244,-0.31875896936313425,-0.3942329353457986,0.44835950871150193,0.5530996157574101,-0.1754884093105458,-0.827894449380188,-0.24751833712264576,-0.03867258789578619,-0.39843094698896947
2023-07-06 00:00:00+00:00,1599.33,-0.7176965920807942,0.06259946511538346,-0.2771285837032483,-0.32077672323560424,-0.5045140516415644,-0.31607005738053917,-0.3818092301319462,-0.22527596305474207,0.4808448138350444,0.27917122710795195,-0.1879419106185396,-0.8499226811874209,-0.6034192352739967,-0.5806880568651284,-0.3328529492488748
2023-07-07 00:00:00+00:00,1594.33,-0.7717502359941587,-0.2643875971242737,-0.2789948267567445,-0.3385071128735117,-0.5045140516415644,-0.29883641642337555,-0.37725125019166084,-0.45055192610948414,0.3502479891514564,0.3879818628681956,-0.22744213432401303,0.8848264891137776,0.202983072919684,-0.05394191210070134,-0.3058492345403741
2023-07-10 00:00:00+00:00,1594.33,-0.7659989665011997,-0.39269502841011955,-0.2944512170255215,-0.3293879636171932,-0.5045140516415644,-0.30485493343394243,-0.3587286925652402,-0.11263798152737103,0.21633115311930645,-0.07227577716909936,0.028701702260555868,-0.5518668583249728,-0.18107838701559317,-0.36701684399419693,-0.06496204431491602
2023-07-11 00:00:00+00:00,1595.58,-0.7515220811442026,-0.39269502841011955,-0.2916977942813366,-0.4468063450915464,-0.713444333489575,-0.42478499567194283,-0.37297800998029446,0.11263798152737103,0.14864431639264053,-0.6533051224269641,0.5948030307512274,-0.04238922856715131,-0.24627239996455905,-0.29387280744457284,0.08076133239977146
2023-07-12 00:00:00+00:00,1599.33,-0.7915873456805875,-0.3379864266591381,-0.26753849629424203,-0.5475973455100582,-0.713444333489575,-0.4485214775073477,-0.353455625869219,0.16895697229105655,0.14086488303881875,-0.08338314562787554,0.8663522736791959,0.2635577108885045,0.3757611077812957,0.03126635554770425,0.42155633678282617
2023-07-13 00:00:00+00:00,1623.08,-0.8108571370595106,-0.16686576178463988,-0.2125429215402276,-0.6449136110009297,-0.713444333489575,-0.45912673332260406,-0.3508240213798257,0.2815949538184276,0.20143978530542658,1.1812722612183142,0.8002305873455048,0.5958203943354589,1.3373405024395437,0.5647099882863207,0.2156102897062143
2023-07-14 00:00:00+00:00,1626.83,-0.8251004232736435,0.8098330421931403,-0.019289708681919034,-0.451531282612863,-0.713444333489575,-0.47017358978485757,-0.31612908518327826,1.1826988060373957,0.5493974658986686,1.4065763786299612,0.10926276701084124,1.1664446674695015,1.707054660064098,1.7362209290770827,0.0010924569835902968
2023-07-17 00:00:00+00:00,1608.08,-0.8286964565149407,0.9489133232207713,0.16535780749413984,-0.3410142865715575,-0.713444333489575,-0.472359940759707,-0.2613723121749499,0.2815949538184276,0.8091216973157739,0.7861655907857278,0.05664993951272571,-0.9638124264382059,0.5601065108632541,0.5237783092613637,-0.09387212283617007
2023-07-18 00:00:00+00:00,1600.58,-0.8292305843733411,0.27212867118703926,0.21209321979445342,-0.3458678850121323,-0.713444333489575,-0.543505994074383,-0.3716472017978976,-0.7321468799279117,0.7181518300699523,0.3848039279508122,0.333897210020004,-0.4688423825281036,-0.3026264682048528,0.21509079377228962,0.1760844640513633
2023-07-19 00:00:00+00:00,1608.08,-0.8444258072685846,0.025482701459126327,0.21477799303209935,-0.3561299730647033,-0.8561005930424493,-0.6465769664802619,-0.40584371297842936,-0.22527596305474207,0.5499521473746188,-0.238116885875452,0.41081458795174475,-0.6370795522911901,-0.2056467785191177,-0.18922791632497482,0.3302137627396589
2023-07-20 00:00:00+00:00,1609.33,-0.8669869137380875,0.34272352802555567,0.26896323076219697,-0.3658829528200138,-0.8561005930424493,-0.6738155077974314,-0.41507499215041604,0.45055192610948414,0.5269542208986562,-0.7172122655345138,0.42974467199187383,-0.5555456548817589,-0.03672231748291986,-0.43186441305092893,0.27943876530243467
2023-07-21 00:00:00+00:00,1611.83,-0.8791000919221511,0.39649754286423894,0.32702881086026103,-0.4116283636877494,-0.8561005930424493,-0.6782364597161767,-0.4208986335620714,0.16895697229105655,0.5169615913909595,-0.7583062015008777,0.4790068955673926,0.9801838327194083,-0.005294878639431893,0.18044953344288475,0.15626188048530262
2023-07-24 00:00:00+00:00,1601.83,-0.9191600782938519,0.5092825102358683,0.39464313498529935,-0.5236670822387159,-0.8561005930424493,-0.6795107870638181,-0.4560162697001958,0.22527596305474207,0.5296522577147281,-0.7091964753255697,0.4377911394467009,-0.8655934685221954,-0.19004637774327046,-0.4232491772307789,0.08810995294668676
2023-07-25 00:00:00+00:00,1659.34,-1.0451499188596536,0.11141799797943523,0.3972650775838815,-0.5238430284236283,-0.8561005930424493,-0.6959144155062933,-0.4989087005837405,-0.3379139445821131,0.3990163839136315,-0.433073013975475,0.650656442149142,0.21754076030048075,-0.08826908339036345,-0.20766666031225497,0.40850057400944667
2023-07-26 00:00:00+00:00,1653.09,-0.9976461786613652,2.1344109171627643,0.7361910570844641,-0.1341344081422981,-0.6216552202001256,-0.5123666519753182,-0.06883607028621294,2.703762108583014,1.0230193729201162,5.182848493826231,2.4676183505152354,8.93109731116544,3.24903064470664,4.848864640932295,1.6740035763785641
2023-07-27 00:00:00+00:00,1663.09,-0.9534868419540738,1.885144162666603,0.9689977447197786,-6.838232580799688e-05,-0.6216552202001256,-0.4143248989688733,0.07580892609394549,-0.16895697229105655,1.2923430354507353,1.5371957491985284,2.489828555442025,-1.6116523659196913,0.10990100312640999,0.5886556451143115,1.7298102712023469
2023-07-28 00:00:00+00:00,1726.85,-0.8812047281329167,2.1566450883797774,1.2092234442674048,0.12166649113537957,-0.5910860217245097,-0.3200530958818239,0.29607646185281244,0.5631899076368552,1.523873247109761,1.6089020056116803,2.4910781654329615,1.0616304938246461,0.07381814859960101,1.5821245077049877,1.6734284341786265
2023-07-31 00:00:00+00:00,1734.35,-0.5513550910245117,3.42448952124959,1.760904655413582,0.566417986446954,-0.07132812977643718,0.08333906913877326,1.1666303118278196,2.9853570624014414,2.3837814987230175,8.167572852869762,1.2341681026122828,2.5518346834702963,2.8808780172118977,4.487674075617013,1.3950983392729006
2023-08-01 00:00:00+00:00,1714.35,-0.28775922910374047,3.536292020578548,2.227595630395294,0.7235192960842206,-0.010189732825205312,0.39865069933384434,1.6766271672006268,0.45055192610948414,2.8875997527392747,5.242393379141129,2.1336408564224665,-0.6022237546363042,2.6159212411679698,2.8814200470681914,1.8264491689899236
2023-08-02 00:00:00+00:00,1698.09,-0.1456299816689417,2.769279360890072,2.4646336710639414,0.7860383206551881,-0.010189732825205312,0.5570358385955628,1.7428465062509422,-0.7884658706915972,2.7931734205979617,-0.792165654023906,1.9851387236778713,-1.259884885802931,1.3555828791822422,0.5700927223350751,1.6941257680464752
2023-08-03 00:00:00+00:00,1735.6,-0.05538974592650516,2.2021034358656,2.5404964657230504,0.7194999160446671,-0.010189732825205312,0.6322447586158344,1.6400299651265706,-0.6199594503266502,2.3684898003574624,0.7863004101411746,1.8733113156790009,0.2972681075345971,2.4559213352416567,0.8532596706040688,1.6209856032608712
2023-08-04 00:00:00+00:00,1731.85,0.12194627562625028,2.888543100361304,2.7976556976491844,0.650239964516064,0.0,0.7805197355230812,1.6237459541279877,1.8026582563640459,2.4214725745164785,0.11628874663830903,0.9772447252812572,0.029860102635466148,1.4704475285353593,0.9073285826787271,1.1467887920942708
2023-08-07 00:00:00+00:00,1714.35,0.2587848512054016,2.760157190935182,2.9572482556551796,0.66744876273614,0.0,0.8647314714661287,1.4108340953645249,-0.05631899076368552,2.252506997506382,-0.6611415698981983,0.9842152992157538,0.1607191819012393,3.1181688043372744,1.0717446991157829,1.1456877754808175
2023-08-08 00:00:00+00:00,1706.84,0.3138500191285907,2.173099283488467,2.9597076053721625,0.6153169402328863,0.0,0.8714386849918034,0.7310840781885299,-0.6758278891642262,1.7769479622685516,-0.9827317925816891,0.8689467971158894,-1.3076022388642345,0.7208036358102287,-0.38403949354779854,1.0861216449598494
2023-08-09 00:00:00+00:00,1715.6,0.35536503625781574,1.930612394447253,2.8963339484921153,0.6162788092502428,0.0,0.842080837424672,0.524813185025966,-0.22572651498085153,1.2538913404859908,-0.3457492980582737,0.8602732613693511,0.19323601643420632,-0.7108418510759927,-0.22458125448305163,1.1145237251108893
2023-08-10 00:00:00+00:00,1714.35,0.40451446977277267,2.1235260048412696,2.8754326319118113,0.5878993661192482,0.0,0.8133419588400247,0.1313427697689838,0.5073214687992791,0.9274508747952928,-0.7197237264268029,0.8149913523867356,-0.5888300665558511,-0.20238980403710624,-0.5351801258914688,1.0678274453980865
2023-08-11 00:00:00+00:00,1680.59,0.4208387783046275,2.07919583951858,2.830625748518991,0.5028261404631622,0.0,0.8109310671997199,-0.371184567810471,0.05631899076368552,0.6145135608761527,-0.8959477429500357,1.2707172398451203,-0.5229269379884838,-0.6249638808034028,-0.7218434023033348,1.379382655273698
2023-08-14 00:00:00+00:00,1653.09,0.3949399178213042,0.993072166443899,2.5811147399185526,0.5008653195730379,0.0,0.7722874465075924,-0.12297448532053228,-1.4084253210182474,-0.07927238213312446,-0.3981977946355333,1.0196001707503495,2.2622549789549695,-0.6551775016988771,0.3106349006227444,1.0668290407275771
2023-08-15 00:00:00+00:00,1660.59,0.3882625890678238,0.28071369658748707,2.209975327996864,0.5827656367194327,0.0,0.6947626035619936,0.27299741111890785,-1.1263798152737103,-0.8977761582331636,0.8236880240981393,0.920896953455094,-0.016705750383975055,-0.5018287292918036,0.34125749484324763,0.9572660620797805
2023-08-16 00:00:00+00:00,1660.59,0.37275751897208054,0.4954877796194135,1.948541077810512,0.539124972058889,0.0,0.5793014810828453,0.4737006374673379,0.45055192610948414,-1.314932633744463,0.003913592729725291,0.8465729908428935,-0.7460871598699845,-0.23225727151804804,-0.2545561908533986,0.8409028450390019
2023-08-17 00:00:00+00:00,1640.58,0.3474260828196006,0.4954877796194135,1.733015638284975,0.37416831267878253,0.0,0.47354261527508273,0.6254574542273551,0.11263798152737103,-1.549208799330932,0.01889794834118749,0.9153261974341781,-0.5701202111280619,-0.517540849728205,-0.5693421408178323,0.9162156597549806
2023-08-18 00:00:00+00:00,1639.33,0.30579045262646426,-0.024804162269357423,1.4411325158777295,0.085408168396059,0.0,0.39029161032553394,0.7066466113112845,-0.7889164226177068,-1.9020379884596867,1.63448278952773,0.8490104610015036,1.5436899194964693,-0.13777090216196572,0.2286232563498244,0.9469267522405618
2023-08-21 00:00:00+00:00,1609.33,0.2535983562225874,-0.05632214755761094,1.200363250324594,-0.0507455901370457,0.0,0.311837674604182,0.6654777620364501,0.05631899076368552,-2.0735770009101966,-0.4367503360902714,0.8761572819196832,-0.8581444966942995,-0.5262738239275256,-0.4313213517551589,0.9804291568404188
2023-08-22 00:00:00+00:00,1615.58,0.22906713121983707,-0.7528701417655123,0.8374672305711006,0.03837446205772171,0.0,0.28174194439541916,0.8810823094536921,-1.2390177968010814,-2.4753627748830906,-0.4063722609357716,0.7049930319082326,0.05252904700802677,0.18801300007224317,-0.36440096144434414,0.8435542071146352
2023-08-23 00:00:00+00:00,1600.58,0.1976999685605137,-0.5267202458937201,0.5909622906790123,-0.044165687180240984,0.0,0.38266589065207746,0.9163789034793461,0.3942329353457986,-2.544661616362079,-0.2000373207583512,1.6847441588762468,-0.4230170918038972,-0.11870432965031016,-0.4656613103481621,0.9800725616337376
2023-08-24 00:00:00+00:00,1585.57,0.1955057549319428,-0.8556575231175518,0.3165609184110451,-0.19078791437859985,0.0,0.5142759309272127,0.8212157471635255,-0.5631899076368552,-2.6605307611788516,0.3548375392560053,1.646365849214723,0.2371155208671732,0.3280640266967821,-0.2744140899234182,1.014691321812884
2023-08-25 00:00:00+00:00,1598.08,0.25504740249351665,-1.1604487579643825,0.023373085650535082,-0.2582341776440752,0.0,0.6887512709961611,0.6089374934000209,-0.5636404595629646,-2.79392185984812,0.5580499128056607,1.9182632972609162,1.9804988417797669,2.2030462103820847,1.0190141479303834,1.2566196627089576
2023-08-28 00:00:00+00:00,1634.33,0.2921788265920575,-0.6791404271485878,-0.12333086041053595,-0.4607417553413542,0.0,0.7446264250289992,0.4583242694860815,0.6762784410903356,-2.583317038543606,0.4695231222044589,0.27050599074037984,-0.9278483700408582,-0.04484435540053889,0.20206652635302003,-0.07737440149486535
2023-08-29 00:00:00+00:00,1608.08,0.2647667940955912,0.5045481855058717,-0.01741794168886352,-0.3043660819430269,0.0,0.6811426822262947,0.38220539394576386,1.745888713674251,-1.867607105097776,2.909246432633545,0.1326778187854672,3.1721744201506046,1.3773973466545126,2.8893734594197764,0.20726360148545173
2023-08-30 00:00:00+00:00,1585.57,0.2531898764978262,-0.11305419957544545,-0.07330809987073833,-0.3265328054810446,0.0,0.6878030379481372,0.224113189239021,-1.0700608245100247,-1.6455417386018705,3.5175344115002742,0.05273009264032549,-0.1382927480546896,2.254407587311091,2.5677608633238918,0.15862362767431817
2023-08-31 00:00:00+00:00,1585.57,0.2922417596640817,-0.5727450908114815,-0.23387657077717017,-0.31990658277873896,0.0,0.7551132690829134,0.06821434702421272,-0.9015544041450778,-1.6946466827175803,1.571097619026674,-0.011318401744399811,-0.8188457206286283,1.8151641518156085,1.2173777282282592,0.1557480383826904
2023-09-01 00:00:00+00:00,1609.33,0.33175304877483447,-0.5727450908114815,-0.3455052584613097,-0.31990658277873896,-0.030569198475615938,0.6984921218546508,0.0,0.11263798152737103,-1.62791584135062,-0.5531630801786135,0.3025874858023026,-1.0920289519658386,-0.1193089923094388,0.004831843968089942,0.027678575061464324
2023-09-04 00:00:00+00:00,1639.33,0.33495043163486193,0.17135865601785535,-0.2812255174099031,-0.2997791379054539,-0.163035725203285,0.5661656414929633,-0.20252584835590634,1.1831493579635053,-1.1934731603294355,0.5720637021724253,-0.19087432715146177,0.8895955513267552,0.9805962228845192,0.7695117785804325,-0.11255980997291937
2023-09-05 00:00:00+00:00,1618.08,0.29619130065131666,0.9686237979396632,-0.044064148629615635,-0.26193552277677845,-0.163035725203285,0.44192123492161706,0.0,1.4642937598558234,-0.47141775287720306,-0.42653993875063867,-0.5050838309661415,0.47277348921274726,1.3318327213459158,1.2562890335002785,-0.3289288543110781
2023-09-06 00:00:00+00:00,1623.08,0.31847003840749827,0.4556815573852325,0.03186055895649504,-0.2332830348013178,-0.163035725203285,0.32627560863621025,0.00812436405505277,-0.8447848614552828,-0.24304902082069968,-0.8884893974760556,-0.5700348508884824,-1.1302549526134402,0.485667601909852,-0.0626372487363777,-0.2498032032431238
2023-09-07 00:00:00+00:00,1610.58,0.3340651216047184,0.5876567061066679,0.1311714292700421,-0.2159443225501189,-0.17322545802849032,0.1362556804878717,0.037216684247773885,0.3379139445821131,-0.009694242202272316,-0.8071420614300215,-0.5288190784780379,-0.6044230879987869,-0.018008944075229672,-0.4318499673620006,-0.2140671899399914
2023-09-08 00:00:00+00:00,1603.08,0.3608937928646809,0.2840915610286419,0.14728876326282028,-0.2913611724682749,-0.4484297621716353,-0.10507443070199614,-0.05588464511099311,-0.45055192610948414,-0.0032267025790097318,-0.4829590922194831,-0.5053367729840244,-0.4574431199815884,-0.6351490944281739,-0.6395175140423376,-0.09493334506695006
2023-09-11 00:00:00+00:00,1611.83,0.3208333454397596,0.10474933230352744,0.1267235259350856,-0.27733130872353007,-0.6114654873749203,-0.22653333994166536,-0.07388903780812688,-0.22527596305474207,-0.07751553490308737,-0.8707011555690635,-0.40333172537300604,-0.3702037990308982,-0.451722911570467,-0.7454151844487149,-0.039452563530479635
2023-09-12 00:00:00+00:00,1604.33,0.23837434247165165,0.3720262860980717,0.17086671889477692,-0.42036761759798896,-0.6114654873749203,-0.2758384539099604,-0.17296437813454776,0.5068709168731697,0.0032267025790097318,-0.8029734408074395,-0.42199008218090883,0.7799631021115019,-0.7470915764816146,-0.33574503170357556,-0.23001319396065792
2023-09-13 00:00:00+00:00,1600.58,0.19301098214913942,0.17649195555940023,0.1719903687276403,-0.4391447404994446,-0.6114654873749203,-0.36111994830879535,-0.16870288977628067,-0.22527596305474207,-0.025369706015903163,-0.5662756313252449,-0.31745707821147817,-0.6821081544546097,-0.8403548817914478,-0.6778460358736638,-0.04426400842589042
2023-09-14 00:00:00+00:00,1605.58,0.17071475892478616,0.07693652457788326,0.16090736046591878,-0.5260183890147881,-0.7745827304408069,-0.47134866377355167,-0.2674080195988298,-0.05631899076368552,-0.07468925438585311,-0.3232284865552574,-0.2933688801140354,-0.12457943852597196,-0.7115995296199481,-0.6848080601301453,0.004641248111282402
2023-09-15 00:00:00+00:00,1596.83,0.040679666528491545,0.2532436719084669,0.19057917361653712,-0.5454206881595941,-0.7847724632660122,-0.5233972070255671,-0.41511524846803444,0.3379139445821131,-0.02586060123483681,0.0650595740235412,-0.288973880064158,0.2016808296012637,-0.3066987482469164,-0.5169070691873442,-0.19181261153854537
2023-09-18 00:00:00+00:00,1598.08,-0.09701996892471972,-0.00012471448277485183,0.172969898694263,-0.5340385693777154,-0.7847724632660122,-0.5760338997657207,-0.3603315808735235,-0.2815949538184276,-0.08921936119515379,1.3693296213531692,-0.2853840942475737,1.3749808462534379,-0.1856244725055065,0.24339822672132527,-0.10716571437718583
2023-09-19 00:00:00+00:00,1595.58,-0.2088969723783846,0.048757963699801864,0.17588015784894162,-0.5862962126300336,-0.7847724632660122,-0.5711369005711943,-0.5801784804486668,0.16895697229105655,-0.09545635141740456,-0.332896470861172,-0.17176805566998102,-1.1478732166454164,-0.7126060034369491,-0.6356385724062644,-0.016733013416243874
2023-09-20 00:00:00+00:00,1588.07,-0.3190524854927934,-0.030130563832877027,0.17332289240683738,-0.5993311737510676,-0.7847724632660122,-0.569492019534804,-0.5921148388713009,0.0,-0.11228985605648664,0.05729151193682383,-0.0820257356967255,-0.08787098827308672,-0.37801958632870697,-0.6235588704597286,0.11031552226008318
2023-09-21 00:00:00+00:00,1575.57,-0.48344580383457797,-0.2694094921313348,0.13777251097724974,-0.5852910991240827,-0.7847724632660122,-0.5515605164569793,-0.6561124138841314,-0.22572651498085153,-0.19722731722223882,0.24970459480414706,-0.018889120777230123,0.16399490335272096,-0.0641231842532362,-0.4852810731817052,0.09364768705658631
2023-09-22 00:00:00+00:00,1599.33,-0.6740331969909138,-0.6456973088444813,0.0481540940977019,-0.5889192211253863,-0.7847724632660122,-0.5214675305152033,-0.49556966333592634,-0.45055192610948414,-0.3823010534991298,0.8567825953785823,0.009368571918166296,1.1250397269988355,0.779088655324816,0.2344545379079415,0.10064216059763637
2023-09-25 00:00:00+00:00,1596.83,-0.797587703336076,0.3735540420500423,0.12519220284432553,-0.5774733628328842,-0.7847724632660122,-0.5223601320470996,-0.5032427320217232,1.1831493579635053,-0.16934377900368086,0.06832601424810118,-0.2387478216534929,0.09303892930557109,1.199297504103796,0.3888011091648551,0.036046660789972186
2023-09-26 00:00:00+00:00,1589.32,-0.8468710041828795,0.28959610460207397,0.1812899529515251,-0.5827749110199573,-0.7847724632660122,-0.5790275066611676,-0.57547543673217,0.0,-0.04433957968775078,0.8389798318496446,-0.034280121807125814,-0.4947360176414499,0.28524899557500366,0.1667568849669921,-0.025710215668148028
2023-09-27 00:00:00+00:00,1590.57,-0.9243106141074631,0.03494912990437364,0.19160356307144824,-0.5988163911423341,-0.7847724632660122,-0.5700566621863096,-0.5912792818797542,-0.22572651498085153,-0.04351516978073288,-0.1498871648673429,0.13465625648822263,-1.0960752054949257,-0.042207183243235434,-0.5311336114294627,0.27449059855053787
2023-09-28 00:00:00+00:00,1594.33,-1.0254826418998413,0.09143558540199101,0.2161783770098743,-0.5952565775529153,-0.7847724632660122,-0.5792880058156,-0.6021393260023938,0.16895697229105655,-0.011962603034913788,-0.15948638587781355,0.28298886019380187,0.1454176021245653,0.08398228547191627,-0.3134070463298225,0.4885603062616912
2023-10-09 00:00:00+00:00,1583.07,-1.0759453891847046,0.26801533915905595,0.2660444178948781,-0.6413846547741194,-0.7847724632660122,-0.5940046082262362,-0.6636411209320395,0.282045505744537,0.06806604943253816,-0.564949412594555,0.22107970044123335,0.049662539941702055,0.014413130833679415,-0.18841843653731705,0.4146639733248854
2023-10-10 00:00:00+00:00,1571.82,-1.118829457477514,-0.15392428532178198,0.24899885461341859,-0.6529454903712989,-0.7847724632660122,-0.5738889229731562,-0.6429701843649867,-0.39468348727190805,-0.01285691193855141,-0.33691719574680723,1.0035990464930507,0.7081236739080893,-0.18636136920139734,0.42483472000107625,0.7736456048675402
2023-10-11 00:00:00+00:00,1566.82,-1.0822945973267135,-0.5389979494426742,0.1797812837135319,-0.6411926813123571,-0.9172389899936813,-0.6313300694341065,-0.5513869669429818,-0.3942329353457986,-0.19061181717053874,0.15340050275674041,1.2227788344591919,0.33178803595954237,0.871083439328195,0.9463518112152838,0.5042356433830754
2023-10-12 00:00:00+00:00,1583.07,-1.0461631769233497,-0.7026423669158556,0.10632854130901322,-0.6336461686260891,-0.9172389899936813,-0.6010356191085254,-0.4515846550368418,-0.11263798152737103,-0.34199009433277344,1.0085929140690497,1.750414775813044,-0.38163030579098706,0.6246078166164091,0.63883968921429,1.1552060042756442
2023-10-13 00:00:00+00:00,1569.32,-1.0361569268104205,0.1313341874367363,0.15228991084536642,-0.6628405082735589,-1.008946585420529,-0.6530668322174413,-0.45226053836426683,0.8447848614552828,-0.2044143574317617,1.1838572894436736,0.8813452939464725,0.3282831597646891,0.7342089846601938,1.0234039597626512,0.9666145308114824
2023-10-16 00:00:00+00:00,1570.57,-1.0089748205782525,-0.35106251287792484,0.11919823069938965,-0.753718388469443,-1.008946585420529,-0.6386010355655924,-0.4115122972820801,-0.5068709168731697,-0.26560080734553493,0.5214913852692332,0.8335705296472863,-0.5733248504502158,-0.14971705476946898,0.4406663906903158,0.9014213152286322
2023-10-17 00:00:00+00:00,1571.82,-0.9810113643139401,-0.2873774763720094,0.1105911828325944,-0.7980185681822138,-1.008946585420529,-0.6214000749115296,-0.44077531036519657,0.16895697229105655,-0.26151063727849194,-0.4031086704143446,0.7343093373245392,-0.7402076448029589,-0.4718981277223222,-0.16000144910545464,0.7408748025538072
2023-10-18 00:00:00+00:00,1563.07,-1.0159827885133235,-0.220068309297808,0.12126533743941383,-0.7980185681822138,-1.0598952495465557,-0.6407564370312568,-0.49719552898904007,0.16895697229105655,-0.21647099379012189,-0.5893711542187439,1.2033037704045424,-0.1378164291271624,-0.3507946806421911,-0.16607967115884148,0.9680254678294535
2023-10-19 00:00:00+00:00,1519.31,-0.9858616590400434,-0.5470662152268089,0.0895617583723108,-0.789460411539447,-1.0598952495465557,-0.6232620058786351,-0.47339527561362316,-0.2815949538184276,-0.27223917108162266,-0.12390716420773648,1.1687623439878967,0.6707188255501102,0.658150241209525,0.330931872933593,0.9595008888830799
2023-10-20 00:00:00+00:00,1519.31,-0.8060259221249778,-1.7500976356831306,-0.17580837823723094,-0.6656268809529633,-1.0598952495465557,-0.39660083304075827,0.030534737503506628,-1.8589772471277313,-0.8230290768610583,0.6448628160809596,2.5723625637483862,1.8785938274223146,1.8445060734563872,1.8849380093012473,-2.113649365499748
2023-10-23 00:00:00+00:00,1506.81,-0.6643705036576262,-1.7500976356831306,-0.3702083788516403,-0.6779186852100432,-1.1108439136725823,-0.2643202083437209,0.21312122796248154,0.11263798152737103,-1.1099234072200723,-0.328716947467214,2.708430137280953,-1.4369819903659033,0.09666258453963995,-0.1646151960530966,-2.0854367250243113
2023-10-24 00:00:00+00:00,1513.06,-0.5165047201021505,-2.0183652421825835,-0.5784926695674205,-0.7558876934249231,-1.1108439136725823,-0.10528190357093843,0.44821258747818604,-0.45055192610948414,-1.3695154287566882,0.12094064198496378,2.506600013997314,-0.07961381597063068,-0.21002272900827026,-0.10651705686300475,-1.9984444061004474
2023-10-25 00:00:00+00:00,1491.81,-0.4748914379275535,-1.6526518651587103,-0.6877267687588671,-0.9668613363878553,-1.1108439136725823,-0.01943083532238301,0.5568456609798008,0.3942329353457986,-1.3626236102168163,0.8745950775373267,2.3282951405887804,0.9427448436863168,-0.006730954538330924,0.5806450974023243,-2.010425103336093
2023-10-26 00:00:00+00:00,1495.56,-0.3445190042876383,-2.1048638185673263,-0.8758593352801796,-1.259523339912453,-1.1108439136725823,0.120400513821539,0.7739431570781024,-0.8447848614552828,-1.5280223339847245,1.8466474547127567,1.5762469144135356,1.9542572367239988,1.2566759303687272,2.336289501094169,-1.7201534152133158
2023-10-27 00:00:00+00:00,1500.56,-0.2658823002961814,-1.8875828724369696,-0.9802568641838942,-1.2988473154626694,-1.1108439136725823,0.21795233501079836,0.7284691193554692,0.2815949538184276,-1.4789520137047296,-0.7399423120146884,1.5130626052069118,-1.4788166282708468,-0.2828320440688781,-0.04500878204862222,-1.8630593380930902
2023-10-30 00:00:00+00:00,1500.56,-0.2021846719083861,-1.5937085887766085,-1.0106899976941133,-1.378635493673524,-1.1108439136725823,0.290397724385869,0.6471413718984275,0.3379139445821131,-1.279471910512105,1.1968181712688206,1.6223816890477747,1.1800344254554869,0.5085129415675774,0.8747115003648153,-2.1063458920171554
2023-10-31 00:00:00+00:00,1501.81,-0.1444197719942904,-1.5937085887766085,-1.0115082252881629,-1.3975872934117801,-1.1312233793229929,0.30233623457535613,0.44919075277457515,0.11263798152737103,-1.0557351484389101,0.8399356270506351,2.385339510307913,-0.3967363893120857,0.8327813745789422,0.5605431175762485,-2.9837629777938313
2023-11-01 00:00:00+00:00,1504.31,-0.11699130973812343,-1.5122280833349238,-0.9819442609733905,-1.476072777775957,-1.1516028449734035,0.2936694157954326,0.0626410197209781,0.16895697229105655,-0.8109309417949556,-0.18914129225983636,2.3580438204040197,-0.554322094024883,0.48268098120663977,0.12782516958571175,-3.011662928920208
2023-11-02 00:00:00+00:00,1504.31,-0.09588351575088164,-1.342058601736495,-0.9217431905608107,-1.4706952717588573,-1.1516028449734035,0.2772474208014437,-0.5386636986231846,0.22527596305474207,-0.5487205768867904,-0.8999079604151817,2.423441830669932,-0.4135731462797223,-0.07649026823258356,-0.13862901879697753,-3.1362460919207344
2023-11-03 00:00:00+00:00,1504.31,-0.08037727621738205,-1.342058601736495,-0.8525653530544753,-1.4755655746307546,-1.1516028449734035,0.23835972272090675,-0.613974127131678,0.11263798152737103,-0.3195065482723417,0.0820427009857569,2.435552478198911,0.12146489783478207,-0.5081700151471016,-0.0023301866961110704,-3.130063078500594
2023-11-06 00:00:00+00:00,1530.56,-0.08403510285774632,-1.3420586017364955,-0.7771427873408503,-1.4710311427764264,-1.2433919582628528,0.1655251526928139,-0.7278443264068859,0.11263798152737103,-0.12260781161794464,-0.33131444948570016,2.501515917951193,0.2342596992341355,0.504910285916909,0.22126763597114146,-3.12976144565474
2023-11-07 00:00:00+00:00,1519.31,-0.11267639040762004,0.3762115161156646,-0.5471107237063608,-1.258500540577887,-1.2433919582628528,0.08719783257048207,-0.4664412188490676,1.2953367875647668,0.36983081576898935,0.42085579537680984,1.9166643861139077,0.926948630490401,1.1942305466919871,1.0244406287340462,-2.150171609955912
2023-11-08 00:00:00+00:00,1506.81,-0.14022795212834155,-0.11084813617733894,-0.4136764834519409,-1.2294616334068618,-1.2433919582628528,0.031777371046396864,-0.4284611123450089,-0.3942329353457986,0.5545286738537252,0.002980408057468101,1.899531580694613,-0.9717505872898347,-0.11084854056855363,0.02023637077528836,-2.1431632036367017
2023-11-09 00:00:00+00:00,1505.56,-0.15692938931701833,-0.5898557348158935,-0.3646152224374282,-1.2310961465579473,-1.2433919582628528,-0.01185351836740968,-0.48429182863017345,-0.45055192610948414,0.5195157331371035,0.884091940571585,1.6369139591007773,0.788279461213054,-0.38343537480364165,0.6666368494507268,-1.9994134930625596
2023-11-10 00:00:00+00:00,1481.81,-0.1680990707419164,-0.6359546718485285,-0.3176844982633767,-1.2324165203525674,-1.3350995536897006,-0.13042901079073216,-0.5248304167988727,0.05631899076368552,0.486890149047737,0.08113048038920816,2.15685035837079,-0.7516205137942885,0.16436794580155006,0.022712678146010246,-2.097121077640309
2023-11-13 00:00:00+00:00,1475.56,-0.13026867573491654,-1.4064383828614182,-0.40202332490382336,-1.1650154113557056,-1.3350995536897006,-0.18121929361137964,-0.36564847263650996,-0.9574228429826538,0.17642972304950327,0.7812918188181288,1.5176296011041055,1.4251009195489368,0.2520499313477412,1.107566338283664,-1.9890343125182888
2023-11-14 00:00:00+00:00,1478.06,-0.1345352316146402,-1.5781637468089755,-0.4878632588093245,-1.257808531953511,-1.3350995536897006,-0.2558527568840446,-0.1898222511883745,-0.16895697229105655,-0.07519036042121763,-0.33498300435487594,1.5125641080131298,-0.7306047926362297,0.029075639679673276,0.3059598041655507,-1.8787746570430333
2023-11-15 00:00:00+00:00,1490.56,-0.1556158807831344,-1.4134150260318938,-0.5237089007022389,-1.3771627948044944,-1.4064276834661378,-0.3955757024590024,-0.08522791158021442,0.22527596305474207,-0.16818732260680272,-0.07536745262635756,1.4882574866940974,-0.6388169074598906,-0.022238985859224285,-0.17785863201051438,-1.8894141077900515
2023-11-16 00:00:00+00:00,1474.3,-0.19526167347002968,-0.6281511054412654,-0.4626142820470297,-1.4548528694934089,-1.6714422547840775,-0.5823670613774845,-0.07166386435058107,0.6758278891642262,-0.032590051073469795,0.44200731806294513,1.2395013668210897,1.9607805348160205,1.2639868973514852,1.1257176967171851,-1.993997226292508
2023-11-17 00:00:00+00:00,1463.05,-0.2262336152243125,-1.156046262544648,-0.4912399467646898,-1.5970020710367445,-1.6714422547840775,-0.5553250438016439,0.013476816066267874,-0.6199594503266502,-0.11846694839072505,0.7223980079493522,0.4204476338041312,-0.5026515143835004,0.6885832558279312,0.6754410478821871,-0.6080590997293922
2023-11-20 00:00:00+00:00,1468.05,-0.26391361301740357,-1.4740997185053413,-0.5610944768937586,-1.5783281076897802,-1.6714422547840775,-0.5025638108157907,0.1438785993018295,-0.3942329353457986,-0.2764796461335035,-0.17957435018175785,0.32099450233406407,-0.14916745377869564,0.4303897585557964,0.5670543010116453,-0.43102772200225253
2023-11-21 00:00:00+00:00,1479.31,-0.3021536780421667,-1.1665326661915207,-0.56924078671775,-1.5806285104561597,-1.6714422547840775,-0.46288050713531426,-0.038619936168175474,0.3379139445821131,-0.2692156440203661,-0.23239707115942618,0.34108938148813345,-0.7999870938879616,-0.3672277025117277,-0.1346694195964393,-0.7015117680524178
2023-11-22 00:00:00+00:00,1464.3,-0.34661890071459417,-0.5087388989043408,-0.4930384735926398,-1.5767259410573204,-1.6714422547840775,-0.4685864759226707,-0.25555893806936114,0.6199594503266501,-0.08068597645837143,1.1909877885859772,0.17255604780454087,1.408142817117214,0.8555927881279769,0.8632420944161225,-0.7267733458399547
2023-11-23 00:00:00+00:00,1463.05,-0.3687997399876713,-0.99541851186832,-0.5023106053528312,-1.6807843570344405,-1.6714422547840775,-0.42421426538719,-0.35584846220626837,-0.5636404595629646,-0.11501949684413613,-0.49029940042446335,0.27611314087320604,-0.7990541384282385,-0.11379173117988198,0.16770107406760004,-0.5665597254158945
2023-11-24 00:00:00+00:00,1456.8,-0.4531148425258328,-1.0340150318703532,-0.49951350363285946,-1.7003498845095921,-1.6714422547840775,-0.38394148598388156,-0.5512065850741752,0.05631899076368552,-0.11634158489712584,-0.09665681333346908,0.35196073670651484,0.25617853434409726,0.4849639805674363,0.4238558285485995,-0.46456121978867027
2023-11-27 00:00:00+00:00,1445.55,-0.5055993805161585,-1.2298217107870055,-0.5159735486095142,-1.6888318405994946,-1.6714422547840775,-0.33818540038097156,-0.5004013884622062,-0.16895697229105655,-0.15911465244319006,-0.3454215824701389,0.46880854836608116,-0.5581629014302222,-0.34234125687305045,0.025715034489194308,-0.24319984933076452
2023-11-28 00:00:00+00:00,1438.05,-0.5604702630716136,-1.559678891221547,-0.5760147458720429,-1.666361303555232,-1.6714422547840775,-0.2695027954175311,-0.3545227406692447,-0.3942329353457986,-0.28773987932553996,0.5105213599852513,0.39647477184709723,0.43193145651217885,0.1898914417257541,0.42472078257102663,-0.08097233675021519
2023-11-29 00:00:00+00:00,1409.29,-0.6303820611733605,-1.7634045186345182,-0.6480055731105308,-1.7517740097290844,-1.6714422547840775,-0.19560368101618691,-0.21375227479674455,-0.22527596305474207,-0.4165257004613245,-0.34986036207548177,0.4641882415170326,-0.24260980098018983,0.47569479151031163,0.27440551876559033,0.09043346161361827
2023-11-30 00:00:00+00:00,1404.29,-0.6035897184530788,-2.4016527837472887,-0.8504907981792333,-1.6986943895308677,-1.6714422547840775,-0.036426796277664555,0.06635104544622748,-1.1831493579635053,-0.802235156921925,1.5734756921383377,0.36738367890472134,1.9810870483881384,0.48310586461141597,1.8635412927476047,-0.33161966875282045
2023-12-01 00:00:00+00:00,1401.79,-0.4766024361012352,-2.4945498897532423,-1.0166145279593748,-1.7697131197570546,-1.6714422547840775,0.09488906639399082,0.31264353686392304,-0.11263798152737103,-1.032035382403921,0.1329590418805727,0.43780674763095884,-1.0243617043019233,0.055813435007591485,0.41520306328134043,-0.23203442702513496
